sample_id,grid_id,date,year,month,state_code,district_code,latitude,longitude,elevation_m,slope_deg,aspect_deg,terrain_ruggedness,relief_m,rainfall_1d_mm,rainfall_3d_mm,rainfall_7d_mm,rainfall_30d_mm,rainfall_90d_mm,temperature_mean_c,temperature_max_c,temperature_min_c,temperature_range_c,humidity_pct,ndvi,evi,ndwi,nbr,vegetation_fraction,soil_ph,soil_organic_carbon,soil_clay_pct,soil_sand_pct,soil_silt_pct,soil_bulk_density,soil_water_capacity,landcover_code,distance_to_river_m,distance_to_water_m,water_occurrence_pct,drainage_density,forest_cover_pct,protected_area_flag,distance_to_protected_area_m,flood_history_flag,landslide_history_flag,nearest_landslide_distance_km,distance_to_road_m,road_proximity_flag,road_cut_slope_hazard,target_flood_risk,target_landslide_risk,data_quality_score,depth_to_slip_plane_m,pore_water_pressure_kpa,effective_cohesion_kpa,friction_angle_deg,pore_pressure_ratio_ru,factor_of_safety_fs,subsurface_creep_um_hr
NER-G250M-1507_11968_20260908,NER-G250M-1507_11968,2026-09-08,2026,9,1,107,27.045086,91.759355,2728.0,28.91,130.1,50.46,250.5,12.4,24.1,81.6,334.6,1204.6,10.9,15.7,7.7,8.0,91.0,0.7682,0.6157,-0.684,0.6108,0.8059,4.93,34.8,39.3,25.1,35.6,128.5,0.18,1,85000.0,72250.0,0.0,2.8,79.3,0,87312.2,0,0,59.73,60397.6,0,0,0,1,1.0,6.0,7.06,23.97,23.44,0.0535,1.159,3.7
NER-G250M-1507_12084_20260908,NER-G250M-1507_12084,2026-09-08,2026,9,1,101,27.306773,91.756458,3379.0,35.32,134.0,60.71,300.5,16.5,35.9,97.0,445.6,1395.0,11.3,16.2,8.1,8.1,91.0,0.875,0.6399,-0.79,0.7007,1.0,4.76,31.0,37.6,26.3,36.1,128.6,0.17,1,77385.9,65778.0,0.0,2.8,79.3,0,101603.2,0,0,31.65,32383.9,0,0,0,1,1.0,6.0,7.06,22.81,23.86,0.0535,0.94,6.59
NER-G250M-1717_12200_20260908,NER-G250M-1717_12200,2026-09-08,2026,9,1,101,27.572202,92.285175,2909.0,29.19,120.6,50.9,252.7,3.3,10.5,31.0,185.7,667.2,10.9,14.9,7.6,7.3,86.0,0.8439,0.7226,-0.7642,0.6723,0.9849,4.8,30.2,38.0,26.0,36.0,121.0,0.17,1,22928.8,19489.5,0.0,2.8,79.3,0,147705.8,0,0,14.68,38221.4,0,0,0,2,1.0,6.0,7.06,22.83,23.76,0.0535,1.139,3.89
NER-G250M-1717_12316_20260908,NER-G250M-1717_12316,2026-09-08,2026,9,1,111,27.83391,92.283468,5277.0,35.17,132.0,60.47,299.3,2.0,6.5,16.0,135.5,437.4,1.6,6.7,-2.4,9.1,83.0,0.6415,0.4937,-0.5503,0.3986,0.5466,5.25,37.2,23.5,47.0,29.5,110.0,0.16,1,42925.5,36486.7,0.0,2.8,79.3,0,169247.0,0,0,42.1,50038.9,0,0,0,1,1.0,6.0,7.06,18.8,28.47,0.0535,1.01,5.46
NER-G250M-1717_12432_20260908,NER-G250M-1717_12432,2026-09-08,2026,9,1,105,28.095608,92.281737,5163.0,29.17,155.2,50.87,252.5,3.0,8.9,21.2,123.0,360.4,4.6,10.4,0.4,10.0,77.0,0.6223,0.5443,-0.5297,0.39,0.5117,5.17,41.0,22.7,47.5,29.8,110.0,0.15,1,69622.2,59178.9,0.0,2.8,79.3,0,192769.5,0,0,65.37,70504.1,0,0,0,1,1.0,6.0,7.06,19.09,28.66,0.0535,1.25,2.93
NER-G250M-1927_11968_20260908,NER-G250M-1927_11968,2026-09-08,2026,9,1,102,27.050438,92.817763,209.0,29.33,81.5,51.13,253.8,2.2,9.8,22.0,303.0,959.2,27.5,31.6,24.0,7.6,83.0,0.7559,0.6374,-0.6701,0.6016,0.7786,4.68,34.7,36.8,26.8,36.4,128.7,0.16,1,50030.2,42525.7,0.0,2.8,79.3,0,69342.9,0,0,18.72,45528.4,0,0,0,2,1.0,6.0,7.06,23.09,24.06,0.0535,1.148,3.8
NER-G250M-1927_12084_20260908,NER-G250M-1927_12084,2026-09-08,2026,9,1,112,27.312184,92.817337,694.0,35.09,80.3,60.34,298.7,5.4,22.6,42.1,230.8,1206.8,25.6,29.2,23.5,5.7,90.0,0.8398,0.7468,-0.7575,0.6673,0.9748,4.85,31.0,38.5,25.7,35.8,128.7,0.17,1,37969.1,32273.7,0.0,2.8,79.3,0,90773.9,0,0,9.85,40328.8,0,0,0,2,1.0,6.0,7.06,23.12,23.64,0.0535,0.946,6.48
NER-G250M-1927_12200_20260908,NER-G250M-1927_12200,2026-09-08,2026,9,1,106,27.573921,92.816905,1773.0,29.32,77.8,51.11,253.7,26.0,39.3,151.4,459.9,2040.7,19.9,26.2,17.8,8.4,91.0,0.8477,0.7236,-0.7642,0.6754,0.9943,4.95,30.2,39.5,25.0,35.5,128.7,0.18,1,32735.5,27825.2,0.0,2.8,79.3,0,115583.2,0,0,14.1,53554.8,0,0,0,2,1.0,6.0,7.06,23.35,23.39,0.0535,1.13,3.99
NER-G250M-1927_12316_20260908,NER-G250M-1927_12316,2026-09-08,2026,9,1,116,27.835648,92.816468,3103.0,35.09,71.9,60.34,298.7,27.1,118.4,173.8,528.3,2236.2,10.3,13.1,8.9,4.2,97.0,0.6289,0.5211,-0.5377,0.3921,0.5236,5.13,37.3,22.3,47.8,29.9,117.6,0.15,1,48883.5,41551.0,0.0,2.8,79.3,0,142010.4,0,0,15.15,76143.1,0,0,0,2,1.0,6.0,7.06,18.4,28.77,0.0535,1.015,5.39
NER-G250M-1927_12432_20260908,NER-G250M-1927_12432,2026-09-08,2026,9,1,110,28.097365,92.816024,4240.0,29.31,51.8,51.1,253.6,27.9,93.7,147.6,434.9,1668.2,6.7,8.4,5.5,2.9,97.0,0.6761,0.4242,-0.5867,0.4125,0.6124,4.97,41.0,20.7,48.9,30.4,117.6,0.14,1,73453.4,62435.4,0.0,2.8,79.3,0,169299.0,0,0,33.42,102054.7,0,0,0,1,1.0,6.0,7.06,18.39,29.16,0.0535,1.25,2.93
NER-G250M-1927_12547_20260908,NER-G250M-1927_12547,2026-09-08,2026,9,1,105,28.359072,92.815575,4933.0,35.1,328.5,60.36,298.8,6.5,22.8,44.4,190.9,549.3,3.0,7.1,1.0,6.1,90.0,0.6603,0.451,-0.5697,0.4076,0.5819,5.0,41.8,21.0,48.7,30.3,117.6,0.14,1,85000.0,72250.0,0.0,2.8,79.3,0,197091.0,0,0,57.8,128138.2,0,0,0,1,1.0,6.0,7.06,18.62,29.09,0.0535,1.028,5.21
NER-G250M-2137_11968_20260908,NER-G250M-2137_11968,2026-09-08,2026,9,1,107,27.050128,93.347022,367.0,29.31,56.6,51.1,253.6,2.3,13.0,31.7,178.0,802.2,27.0,30.3,24.0,6.3,85.0,0.7593,0.6289,-0.675,0.6048,0.7861,4.88,34.7,38.8,25.4,35.8,128.2,0.18,1,74086.1,62973.2,0.0,2.8,79.3,0,44415.2,0,0,26.47,27853.5,0,0,0,1,1.0,6.0,7.06,23.78,23.56,0.0535,1.144,3.84
NER-G250M-2137_12084_20260908,NER-G250M-2137_12084,2026-09-08,2026,9,1,101,27.311871,93.347832,2112.0,35.1,52.9,60.36,298.8,3.2,10.5,30.1,214.0,975.5,16.6,20.3,13.3,7.0,92.0,0.8549,0.6934,-0.7731,0.6813,1.0,4.94,31.0,39.4,25.1,35.5,128.2,0.18,1,85000.0,72250.0,0.0,2.8,79.3,0,73468.0,0,0,31.39,35969.9,0,0,0,1,1.0,6.0,7.06,23.44,23.42,0.0535,0.945,6.5
NER-G250M-2137_12200_20260908,NER-G250M-2137_12200,2026-09-08,2026,9,1,111,27.573604,93.348654,2576.0,29.3,46.0,51.08,253.5,20.5,53.8,154.3,651.4,2312.4,15.5,17.8,13.6,4.2,96.0,0.8458,0.73,-0.7636,0.6728,0.9896,4.79,30.2,37.9,26.1,36.0,128.2,0.17,1,79225.8,67341.9,0.0,2.8,79.3,0,102520.1,0,0,34.64,59159.9,0,0,0,1,1.0,6.0,7.06,22.8,23.79,0.0535,1.135,3.93
NER-G250M-2137_12316_20260908,NER-G250M-2137_12316,2026-09-08,2026,9,1,106,27.835327,93.349487,2720.0,35.11,34.3,60.38,298.9,1.9,6.0,33.4,179.1,829.8,16.1,21.9,12.7,9.2,83.0,0.8759,0.6439,-0.7872,0.6989,1.0,4.95,37.3,20.5,49.0,30.5,117.2,0.14,1,75153.7,63880.6,0.0,2.8,79.3,0,131571.3,0,0,7.15,85987.3,0,0,0,2,1.0,6.0,7.06,17.77,29.21,0.0535,1.018,5.35
NER-G250M-2137_12432_20260908,NER-G250M-2137_12432,2026-09-08,2026,9,1,116,28.097041,93.350331,976.0,29.28,15.8,51.05,253.4,19.0,35.3,74.1,339.2,1258.9,25.4,31.1,23.0,8.1,90.0,0.8578,0.6893,-0.7749,0.6821,1.0,5.04,41.0,21.4,48.4,30.2,117.2,0.15,1,81897.2,69612.6,0.0,2.8,79.3,0,160621.6,0,0,21.9,107755.7,0,0,0,1,1.0,6.0,7.06,18.64,28.99,0.0535,1.25,2.93
NER-G250M-2137_12547_20260908,NER-G250M-2137_12547,2026-09-08,2026,9,1,110,28.358744,93.351187,3931.0,35.12,352.3,60.39,298.9,19.5,58.7,123.6,530.1,1942.3,8.3,12.5,6.8,5.7,96.0,0.8421,0.7291,-0.7636,0.6728,0.9804,5.22,41.8,23.2,47.2,29.6,117.2,0.16,1,85000.0,72250.0,0.0,2.8,79.3,0,189670.6,0,0,50.95,127635.6,0,0,0,1,1.0,6.0,7.06,19.39,28.54,0.0535,1.024,5.26
NER-G250M-2347_12200_20260908,NER-G250M-2347_12200,2026-09-08,2026,9,1,116,27.571252,93.880367,1905.0,29.11,34.7,50.78,252.1,5.6,14.7,58.7,284.3,944.2,18.8,23.7,16.3,7.4,91.0,0.8702,0.6565,-0.7844,0.6913,1.0,4.65,30.2,36.5,27.0,36.5,121.0,0.16,1,33572.2,28536.4,0.0,2.8,79.3,0,115194.6,0,0,8.11,32927.3,0,0,0,2,1.0,6.0,7.06,22.3,24.13,0.0535,1.146,3.82
NER-G250M-2347_12316_20260908,NER-G250M-2347_12316,2026-09-08,2026,9,1,111,27.832949,93.882469,1431.0,35.21,24.6,60.54,299.6,6.1,22.1,43.7,210.1,915.8,22.0,26.2,20.0,6.2,92.0,0.8481,0.7107,-0.7661,0.6782,0.9953,5.08,37.2,21.8,48.2,30.0,110.0,0.15,1,22058.4,18749.6,0.0,2.8,79.3,0,141692.8,0,0,21.03,48724.8,0,0,0,1,1.0,6.0,7.06,18.21,28.9,0.0535,1.012,5.44
NER-G250M-2347_12432_20260908,NER-G250M-2347_12432,2026-09-08,2026,9,1,105,28.094636,93.884601,2091.0,29.09,10.8,50.74,251.9,12.6,45.0,93.5,343.8,1423.8,18.4,21.6,16.3,5.3,92.0,0.834,0.7621,-0.7545,0.6644,0.9603,5.24,41.0,23.4,47.1,29.5,110.0,0.16,1,39160.7,33286.6,0.0,2.8,79.3,0,169031.3,0,0,43.77,73153.1,0,0,0,1,1.0,6.0,7.06,19.34,28.5,0.0535,1.252,2.91
NER-G250M-2347_12547_20260908,NER-G250M-2347_12547,2026-09-08,2026,9,1,115,28.356313,93.886761,1070.0,35.22,355.0,60.55,299.7,27.7,75.7,129.1,408.9,1701.6,24.3,30.3,21.7,8.6,92.0,0.8487,0.7133,-0.7671,0.6762,0.9969,5.19,41.8,22.9,47.4,29.7,110.0,0.16,1,65328.9,55529.6,0.0,2.8,79.3,0,196859.8,0,0,64.37,100079.1,0,0,0,1,1.0,6.0,7.06,19.28,28.62,0.0535,1.021,5.31
NER-G250M-2557_12084_20260908,NER-G250M-2557_12084,2026-09-08,2026,9,1,111,27.305206,94.40866,99.0,35.38,39.9,60.81,301.0,19.0,74.2,150.1,439.2,1543.4,27.6,31.6,24.8,6.8,91.0,0.8546,0.6921,-0.7726,0.6806,1.0,4.66,31.0,36.6,26.9,36.5,129.0,0.16,1,30890.5,26256.9,0.0,2.8,79.3,0,128440.5,0,0,30.27,30048.4,0,0,0,1,1.0,6.0,7.06,22.46,24.1,0.0535,0.94,6.59
NER-G250M-2557_12200_20260908,NER-G250M-2557_12200,2026-09-08,2026,9,1,105,27.566865,94.411986,176.0,28.76,33.4,50.22,249.3,4.7,16.7,63.4,293.0,1207.4,27.0,30.3,24.3,6.0,87.0,0.8434,0.734,-0.762,0.6691,0.9835,4.81,30.2,38.1,25.9,36.0,129.1,0.17,1,40534.2,34454.1,0.0,2.8,79.3,0,147090.7,0,0,38.11,22460.3,0,0,0,1,1.0,6.0,7.06,22.87,23.73,0.0535,1.156,3.73
NER-G250M-2557_12316_20260908,NER-G250M-2557_12316,2026-09-08,2026,9,1,116,27.828513,94.415358,1026.0,35.4,23.6,60.84,301.1,6.4,20.8,43.2,219.1,1021.8,24.1,27.7,21.5,6.2,89.0,0.8288,0.7783,-0.7522,0.6595,0.9477,5.25,37.2,23.5,47.0,29.5,118.1,0.16,1,31694.2,26940.1,0.0,2.8,79.3,0,168708.1,0,0,17.41,42349.5,0,0,0,2,1.0,6.0,7.06,18.8,28.47,0.0535,1.003,5.57
NER-G250M-2557_12432_20260908,NER-G250M-2557_12432,2026-09-08,2026,9,1,110,28.090152,94.418776,1084.0,28.74,10.5,50.18,249.2,5.1,21.6,38.4,189.1,1271.2,22.3,25.9,20.0,5.9,89.0,0.8534,0.7026,-0.7695,0.6797,1.0,5.16,41.0,22.6,47.6,29.8,118.2,0.15,1,45315.2,38517.9,0.0,2.8,79.3,0,192294.2,0,0,29.01,69063.6,0,0,0,1,1.0,6.0,7.06,19.06,28.69,0.0535,1.271,2.78
NER-G250M-2557_12547_20260908,NER-G250M-2557_12547,2026-09-08,2026,9,1,104,28.351779,94.42224,2774.0,35.41,355.5,60.86,301.2,24.8,69.3,173.1,693.1,2755.3,13.0,15.3,11.5,3.8,98.0,0.8386,0.7419,-0.7589,0.6679,0.9717,4.98,41.8,20.8,48.8,30.4,118.2,0.14,1,60182.3,51155.0,0.0,2.8,79.3,0,217207.8,0,0,39.1,96380.7,0,0,0,1,1.0,6.0,7.06,18.55,29.14,0.0535,1.019,5.34
NER-G250M-2557_12663_20260908,NER-G250M-2557_12663,2026-09-08,2026,9,1,114,28.613397,94.42575,2306.0,28.71,341.3,50.14,248.9,16.4,52.7,100.8,357.6,1451.6,16.2,19.2,14.3,4.9,95.0,0.86,0.6826,-0.7759,0.6851,1.0,4.98,38.9,20.8,48.8,30.4,118.3,0.14,7,73506.8,62480.8,0.0,2.8,79.3,0,232418.5,0,0,55.72,109315.9,0,0,0,1,1.0,6.0,7.06,18.11,29.14,0.0535,1.273,2.76
NER-G250M-2557_12779_20260908,NER-G250M-2557_12779,2026-09-08,2026,9,1,108,28.875004,94.429307,3167.0,35.42,330.1,60.87,301.3,17.4,55.2,114.6,563.2,2024.8,13.0,17.7,11.4,6.3,95.0,0.8689,0.6511,-0.7865,0.696,1.0,5.16,35.0,22.6,47.6,29.8,118.3,0.15,7,85000.0,72250.0,0.0,2.8,79.3,0,249056.5,0,0,47.92,127657.6,0,0,0,1,1.0,6.0,7.06,18.16,28.69,0.0535,0.999,5.63
NER-G250M-773_11546_20260908,NER-G250M-773_11546,2026-09-08,2026,9,2,211,26.065658,89.934791,30.0,5.81,115.8,13.5,70.3,1.4,18.6,32.4,207.4,1492.4,29.5,33.0,26.6,6.4,82.0,0.8702,0.6565,-0.7844,0.695,1.0,6.06,20.7,26.6,38.9,34.5,137.0,0.18,1,5160.9,4386.8,0.0,2.8,36.1,0,77136.4,0,0,38.08,42803.6,0,0,1,0,1.0,6.0,7.06,17.41,27.1,0.0535,2.8,2.28
NER-G250M-1462_11546_20260908,NER-G250M-1462_11546,2026-09-08,2026,9,2,201,26.09196,91.6554,206.0,13.51,136.2,25.82,130.4,7.4,32.2,79.0,407.2,1606.9,28.6,32.3,26.4,5.9,85.0,0.7668,0.6214,-0.6802,0.6115,0.8029,6.18,20.9,27.8,38.2,34.0,136.1,0.19,4,18785.9,15968.0,0.0,2.8,36.1,0,101543.5,0,1,3.09,11445.4,0,0,1,3,1.0,6.0,7.06,17.87,26.82,0.0535,2.581,2.28
NER-G250M-1462_11700_20260908,NER-G250M-1462_11700,2026-09-08,2026,9,2,206,26.439539,91.651389,53.0,6.82,131.5,15.11,78.2,5.9,15.0,21.6,322.3,1283.6,29.2,32.5,27.1,5.4,85.0,0.7576,0.6331,-0.6742,0.6047,0.7823,6.06,26.0,26.6,39.0,34.4,136.1,0.18,4,30460.1,25891.1,0.0,2.8,36.1,0,78147.5,0,0,9.21,33617.6,0,0,1,0,1.0,6.0,7.06,18.21,27.11,0.0535,2.8,2.28
NER-G250M-1691_11546_20260908,NER-G250M-1691_11546,2026-09-08,2026,9,2,207,26.096168,92.229351,193.0,12.94,117.8,24.9,125.9,5.8,25.4,39.3,238.2,1054.6,27.4,31.4,24.6,6.8,87.0,0.7542,0.6417,-0.6694,0.5985,0.7749,6.06,21.0,26.6,38.9,34.5,127.1,0.18,4,44455.1,37786.8,0.0,2.8,36.1,0,127819.3,0,0,34.88,27068.2,0,0,1,0,1.0,6.0,7.06,17.46,27.1,0.0535,2.708,2.28
NER-G250M-1691_11700_20260908,NER-G250M-1691_11700,2026-09-08,2026,9,2,212,26.443812,92.227052,57.0,6.99,114.2,15.38,79.5,1.8,15.2,43.7,302.9,1260.9,29.3,32.3,26.9,5.4,82.0,0.8063,0.5706,-0.7164,0.639,0.8937,6.27,26.0,28.7,37.5,33.8,127.1,0.19,4,50558.4,42974.6,0.0,2.8,36.1,0,114603.4,0,0,50.16,46919.4,0,0,1,0,1.0,6.0,7.06,18.95,26.58,0.0535,2.8,2.28
NER-G250M-1691_11854_20260908,NER-G250M-1691_11854,2026-09-08,2026,9,2,202,26.791439,92.22471,110.0,9.31,113.7,19.1,97.6,2.1,7.5,26.4,298.4,1017.1,28.6,31.8,25.6,6.2,85.0,0.7778,0.6023,-0.6899,0.6207,0.8276,6.32,27.8,29.2,37.2,33.6,127.1,0.2,4,61328.1,52128.9,0.0,2.8,36.1,0,113618.9,0,0,47.88,54518.1,0,0,1,0,1.0,6.0,7.06,19.39,26.46,0.0535,2.8,2.28
NER-G250M-1921_10930_20260908,NER-G250M-1921_10930,2026-09-08,2026,9,2,209,24.707233,92.805636,21.0,5.42,287.3,12.87,67.3,15.6,46.7,124.5,529.4,1521.0,28.0,32.2,24.9,7.3,86.0,0.8673,0.6621,-0.7828,0.691,1.0,6.17,23.5,27.7,38.2,34.1,134.5,0.19,1,10312.5,8765.6,0.0,2.8,36.1,0,120367.6,0,0,21.66,13638.8,0,0,1,0,1.0,6.0,7.06,18.22,26.83,0.0535,2.8,2.28
NER-G250M-1921_11084_20260908,NER-G250M-1921_11084,2026-09-08,2026,9,2,214,25.054973,92.805091,167.0,11.81,328.7,23.1,117.1,10.6,18.9,45.9,272.0,1282.0,26.5,30.3,23.4,6.9,91.0,0.8333,0.7719,-0.7522,0.6611,0.9588,6.35,27.8,29.5,37.0,33.5,134.5,0.2,1,28306.6,24060.6,0.0,2.8,36.1,0,157405.3,0,1,0.91,24977.2,0,0,1,3,1.0,6.0,7.06,19.49,26.39,0.0535,2.8,2.28
NER-G250M-1921_11238_20260908,NER-G250M-1921_11238,2026-09-08,2026,9,2,204,25.402696,92.804536,856.0,41.95,64.5,71.32,352.2,13.3,58.0,108.4,312.3,1169.9,23.7,27.7,21.2,6.5,92.0,0.8491,0.7145,-0.7675,0.6768,0.9976,6.18,25.9,27.8,38.2,34.0,134.4,0.19,1,66900.8,56865.7,0.0,2.8,36.1,0,148808.3,0,0,12.35,49226.6,0,0,1,0,1.0,6.0,7.06,18.62,26.82,0.0535,0.792,9.82
NER-G250M-1921_11546_20260908,NER-G250M-1921_11546,2026-09-08,2026,9,2,213,26.098093,92.803395,64.0,7.3,81.3,15.88,81.9,2.3,27.4,55.4,294.0,1002.8,28.8,32.2,24.9,7.3,83.0,0.8118,0.5615,-0.7194,0.6439,0.9068,6.27,21.0,28.7,37.5,33.8,134.4,0.19,4,55712.7,47355.8,0.0,2.8,36.1,0,82102.2,0,0,57.5,25900.8,0,0,1,0,1.0,6.0,7.06,18.2,26.58,0.0535,2.8,2.28
NER-G250M-1921_11700_20260908,NER-G250M-1921_11700,2026-09-08,2026,9,2,203,26.445766,92.802808,66.0,7.39,82.6,16.02,82.6,1.6,21.5,71.3,329.0,1219.8,29.2,32.5,26.2,6.3,82.0,0.7762,0.6081,-0.6896,0.6178,0.8241,6.32,26.1,29.2,37.2,33.6,134.4,0.2,4,17122.3,14554.0,0.0,2.8,36.1,0,59229.4,0,0,25.26,14788.2,0,0,1,0,1.0,6.0,7.06,19.13,26.46,0.0535,2.8,2.28
NER-G250M-1921_11854_20260908,NER-G250M-1921_11854,2026-09-08,2026,9,2,208,26.793423,92.802211,78.0,7.91,82.9,16.86,86.7,8.5,39.1,77.2,383.1,1424.9,28.4,31.8,25.2,6.6,86.0,0.7995,0.5753,-0.7115,0.6355,0.8777,6.09,27.7,26.9,38.7,34.4,134.4,0.18,4,21471.1,18250.4,0.0,2.8,36.1,0,57045.4,0,0,29.61,40872.1,0,0,1,0,1.0,6.0,7.06,18.57,27.03,0.0535,2.8,2.28
NER-G250M-2150_11546_20260908,NER-G250M-2150_11546,2026-09-08,2026,9,2,204,26.097733,93.377462,361.0,20.29,51.9,36.66,183.3,4.1,21.7,62.5,347.4,1031.0,26.0,29.0,23.3,5.7,88.0,0.7815,0.6021,-0.693,0.6199,0.836,6.32,21.0,29.2,37.2,33.6,133.7,0.2,4,80267.5,68227.4,0.0,2.8,36.1,0,61363.1,0,0,56.17,40952.0,0,0,1,0,1.0,6.0,7.06,18.37,26.46,0.0535,1.692,2.28
NER-G250M-2150_11700_20260908,NER-G250M-2150_11700,2026-09-08,2026,9,2,209,26.445401,93.378588,686.0,34.51,56.3,59.42,294.2,18.0,32.3,68.5,298.2,1025.9,24.0,28.4,21.3,7.1,94.0,0.7877,0.5875,-0.6995,0.627,0.8502,6.09,26.1,26.9,38.7,34.4,133.6,0.18,4,60350.0,51297.5,0.0,2.8,36.1,0,22889.7,0,0,40.5,21021.2,0,0,1,0,1.0,6.0,7.06,18.33,27.03,0.0535,0.981,5.9
NER-G250M-2150_11854_20260908,NER-G250M-2150_11854,2026-09-08,2026,9,2,214,26.793052,93.379735,87.0,8.31,57.0,17.5,89.8,5.4,15.3,62.4,319.5,1207.9,28.8,32.4,25.1,7.3,85.0,0.7505,0.6488,-0.664,0.5977,0.7668,6.12,27.7,27.2,38.6,34.2,133.6,0.18,4,61807.1,52536.0,0.0,2.8,36.1,0,16154.8,0,0,39.85,16154.8,0,0,1,0,1.0,6.0,7.06,18.67,26.96,0.0535,2.8,2.28
NER-G250M-2380_11700_20260908,NER-G250M-2380_11700,2026-09-08,2026,9,2,214,26.442716,93.954322,99.0,8.83,45.3,18.33,93.9,17.9,47.3,108.5,337.0,1132.4,29.0,31.8,25.3,6.5,87.0,0.7581,0.6345,-0.6715,0.6024,0.7834,6.11,26.0,27.1,38.6,34.3,127.4,0.18,4,60856.3,51727.9,0.0,2.8,36.1,0,64664.1,0,0,42.1,42035.3,0,0,1,0,1.0,6.0,7.06,18.38,26.98,0.0535,2.8,2.28
NER-G250M-2380_11854_20260908,NER-G250M-2380_11854,2026-09-08,2026,9,2,204,26.790326,93.957213,80.0,8.0,46.1,17.0,87.4,11.3,30.0,128.1,432.5,1305.8,29.3,32.7,25.7,7.0,84.0,0.7668,0.6214,-0.6802,0.6082,0.8029,6.34,27.8,29.4,37.1,33.5,127.4,0.2,4,42083.4,35770.9,0.0,2.8,36.1,0,62687.3,0,0,32.8,24687.9,0,0,1,0,1.0,6.0,7.06,19.46,26.42,0.0535,2.8,2.28
NER-G250M-2610_11854_20260908,NER-G250M-2610_11854,2026-09-08,2026,9,2,209,26.785247,94.534573,107.0,9.18,46.1,18.89,96.6,20.8,64.5,161.5,470.8,1407.1,28.5,31.4,25.1,6.3,90.0,0.863,0.6784,-0.7778,0.686,1.0,6.24,27.8,28.4,37.7,33.9,136.6,0.19,1,48373.8,41117.7,0.0,2.8,36.1,0,119404.8,0,0,17.89,3825.5,0,0,1,0,1.0,6.0,7.06,19.11,26.66,0.0535,2.8,2.28
NER-G250M-2610_12008_20260908,NER-G250M-2610_12008,2026-09-08,2026,9,2,214,27.132764,94.539291,90.0,8.44,43.5,17.7,90.8,5.5,36.2,108.8,414.8,1371.2,29.1,32.2,26.1,6.1,85.0,0.8543,0.6908,-0.7722,0.6834,1.0,6.05,23.4,26.5,39.0,34.5,136.6,0.18,1,34123.5,29005.0,0.0,2.8,36.1,0,130444.2,0,0,43.71,37145.2,0,0,1,0,1.0,6.0,7.06,17.78,27.13,0.0535,2.8,2.28
NER-G250M-2839_11854_20260908,NER-G250M-2839_11854,2026-09-08,2026,9,2,214,26.777817,95.111746,591.0,30.36,56.9,52.78,261.8,17.3,52.9,135.0,350.4,1171.5,25.9,30.0,22.2,7.8,90.0,0.8481,0.7107,-0.7661,0.675,0.9953,6.05,27.8,26.5,39.0,34.5,130.5,0.18,1,85000.0,72250.0,0.0,2.8,36.1,0,148861.3,0,0,10.38,61224.1,0,0,1,0,1.0,6.0,7.06,18.45,27.13,0.0535,1.132,3.96
NER-G250M-2077_10719_20260908,NER-G250M-2077_10719,2026-09-08,2026,9,3,301,24.231468,93.191027,878.0,32.36,302.1,55.98,277.4,24.2,37.8,100.4,386.5,1173.6,23.0,28.8,20.4,8.4,93.0,0.8297,0.7818,-0.7504,0.6585,0.9499,4.65,30.4,36.5,27.0,36.5,130.4,0.16,1,52797.7,44878.0,0.0,2.8,74.3,0,98447.2,0,0,10.66,44753.9,0,0,0,2,1.0,6.0,7.06,22.33,24.13,0.0535,1.028,5.21
NER-G250M-2077_10795_20260908,NER-G250M-2077_10795,2026-09-08,2026,9,3,307,24.404091,93.191286,432.0,32.35,306.5,55.96,277.3,36.4,59.1,161.1,555.7,1646.1,25.5,30.4,23.2,7.2,93.0,0.8369,0.7483,-0.7584,0.6684,0.9675,4.72,30.1,37.2,26.5,36.3,130.4,0.16,1,34090.8,28977.2,0.0,2.8,74.3,0,111394.9,0,0,12.66,45616.1,0,0,0,2,1.0,6.0,7.06,22.54,23.95,0.0535,1.026,5.24
NER-G250M-2077_10872_20260908,NER-G250M-2077_10872,2026-09-08,2026,9,3,302,24.576711,93.191547,120.0,32.33,313.0,55.93,277.2,20.8,50.6,121.6,469.6,1491.2,27.5,32.9,24.4,8.5,89.0,0.8511,0.708,-0.7683,0.6763,1.0,4.85,31.6,38.5,25.7,35.8,130.4,0.17,1,16464.8,13995.1,0.0,2.8,74.3,0,125936.7,0,0,26.73,48203.2,0,0,0,1,1.0,6.0,7.06,23.22,23.64,0.0535,1.029,5.2
NER-G250M-2077_10948_20260908,NER-G250M-2077_10948,2026-09-08,2026,9,3,308,24.749327,93.191811,409.0,32.32,322.8,55.91,277.1,19.5,47.2,136.5,486.1,1628.3,25.7,29.7,23.0,6.7,91.0,0.8437,0.7352,-0.7625,0.6697,0.9843,4.94,34.1,39.4,25.1,35.5,130.4,0.18,1,10689.8,9086.3,0.0,2.8,74.3,0,141582.1,0,0,9.92,40191.4,0,0,0,2,1.0,6.0,7.06,23.91,23.42,0.0535,1.034,5.13
NER-G250M-2077_11025_20260908,NER-G250M-2077_11025,2026-09-08,2026,9,3,304,24.92194,93.192077,117.0,32.31,337.0,55.9,277.0,23.1,49.7,145.4,529.3,1582.6,27.8,31.7,24.6,7.1,88.0,0.8369,0.7483,-0.7584,0.6684,0.9675,4.93,36.7,39.3,25.1,35.6,130.4,0.18,1,26299.8,22354.8,0.0,2.8,74.3,0,158003.6,0,0,14.71,40514.1,0,0,0,2,1.0,6.0,7.06,24.26,23.44,0.0535,1.041,5.03
NER-G250M-2142_10643_20260908,NER-G250M-2142_10643,2026-09-08,2026,9,3,307,24.058555,93.351349,711.0,18.13,305.4,33.21,166.4,14.5,26.9,85.9,366.3,1142.4,25.2,31.2,23.2,8.0,93.0,0.8514,0.7092,-0.7688,0.6769,1.0,4.65,32.4,36.5,27.0,36.5,128.1,0.16,1,61061.0,51901.8,0.0,2.8,74.3,0,102175.1,0,0,35.67,45362.5,0,0,0,1,1.0,6.0,7.06,22.63,24.13,0.0535,1.867,2.28
NER-G250M-2142_10719_20260908,NER-G250M-2142_10719,2026-09-08,2026,9,3,302,24.231181,93.351821,768.0,18.18,308.5,33.29,166.8,15.6,31.1,75.8,320.2,1079.8,24.3,30.3,21.6,8.7,92.0,0.8455,0.7288,-0.7631,0.6722,0.9889,4.68,30.4,36.8,26.8,36.4,128.1,0.16,1,55347.6,47045.5,0.0,2.8,74.3,0,111472.1,0,0,24.19,36186.8,0,0,0,1,1.0,6.0,7.06,22.44,24.06,0.0535,1.853,2.28
NER-G250M-2142_10795_20260908,NER-G250M-2142_10795,2026-09-08,2026,9,3,308,24.403802,93.352298,230.0,18.24,313.2,33.38,167.3,15.3,36.7,120.0,409.9,1292.3,27.1,32.0,24.4,7.6,91.0,0.8553,0.6947,-0.7736,0.6819,1.0,4.79,30.1,37.9,26.0,36.1,128.1,0.17,1,41442.8,35226.4,0.0,2.8,74.3,0,123071.7,0,0,25.15,35993.0,0,0,0,1,1.0,6.0,7.06,22.78,23.78,0.0535,1.838,2.28
NER-G250M-2142_10872_20260908,NER-G250M-2142_10872,2026-09-08,2026,9,3,304,24.57642,93.352779,277.0,18.29,319.8,33.46,167.7,22.2,48.0,124.6,436.1,1302.5,27.2,32.1,24.6,7.5,92.0,0.8481,0.7107,-0.7661,0.6782,0.9953,4.91,31.6,39.1,25.3,35.6,128.1,0.18,1,28760.0,24446.0,0.0,2.8,74.3,0,136387.5,0,0,20.15,44897.0,0,0,0,1,1.0,6.0,7.06,23.43,23.49,0.0535,1.833,2.28
NER-G250M-2142_10948_20260908,NER-G250M-2142_10948,2026-09-08,2026,9,3,310,24.749034,93.353265,551.0,18.35,329.1,33.56,168.1,19.8,37.3,113.1,469.6,1556.3,26.5,30.4,24.0,6.4,94.0,0.8309,0.7745,-0.7535,0.66,0.9528,4.95,34.1,39.5,25.0,35.5,128.1,0.18,1,25904.7,22019.0,0.0,2.8,74.3,0,150965.9,0,0,6.12,56051.7,0,0,0,2,1.0,6.0,7.06,23.94,23.39,0.0535,1.834,2.28
NER-G250M-2142_11025_20260908,NER-G250M-2142_11025,2026-09-08,2026,9,3,305,24.921644,93.353755,707.0,18.4,341.5,33.64,168.5,22.8,39.2,120.1,418.5,1439.8,24.1,29.0,21.4,7.6,92.0,0.8309,0.7745,-0.7535,0.66,0.9528,4.88,36.7,38.8,25.4,35.8,128.1,0.18,1,24613.4,20921.4,0.0,2.8,74.3,0,166475.3,0,0,13.47,56302.1,0,0,0,2,1.0,6.0,7.06,24.08,23.56,0.0535,1.842,2.28
NER-G250M-2208_10566_20260908,NER-G250M-2208_10566,2026-09-08,2026,9,3,302,23.885477,93.511243,841.0,32.45,308.0,56.12,278.1,8.7,28.1,84.7,281.2,1045.0,24.1,29.9,21.4,8.5,93.0,0.8549,0.6934,-0.7731,0.6813,1.0,4.68,35.1,36.8,26.8,36.4,125.0,0.16,1,60236.4,51200.9,0.0,2.8,74.3,0,111482.4,0,0,40.62,51794.0,0,0,0,1,1.0,6.0,7.06,23.14,24.06,0.0535,1.037,5.09
NER-G250M-2208_10643_20260908,NER-G250M-2208_10643,2026-09-08,2026,9,3,308,24.058102,93.511925,1046.0,32.49,310.1,56.18,278.4,12.0,20.4,69.6,291.6,943.2,23.3,28.4,20.9,7.5,92.0,0.8474,0.7223,-0.7638,0.6748,0.9936,4.66,32.4,36.6,27.0,36.4,125.0,0.16,1,47190.9,40112.3,0.0,2.8,74.3,0,116980.5,0,0,47.34,34624.1,0,0,0,1,1.0,6.0,7.06,22.67,24.11,0.0535,1.029,5.2
NER-G250M-2208_10719_20260908,NER-G250M-2208_10719,2026-09-08,2026,9,3,304,24.230724,93.512613,1130.0,32.52,313.4,56.23,278.7,9.2,13.8,48.5,227.8,808.9,23.3,28.2,20.7,7.5,91.0,0.8597,0.6812,-0.7754,0.6844,1.0,4.74,30.4,37.4,26.4,36.2,125.0,0.17,1,39494.5,33570.3,0.0,2.8,74.3,0,125199.7,0,0,39.67,21197.6,0,0,0,1,1.0,6.0,7.06,22.65,23.91,0.0535,1.022,5.29
NER-G250M-2208_10795_20260908,NER-G250M-2208_10795,2026-09-08,2026,9,3,310,24.403342,93.513307,891.0,32.55,318.1,56.28,278.9,21.9,33.2,77.9,294.6,1090.7,22.9,27.9,20.3,7.6,93.0,0.8791,0.6383,-0.789,0.6993,1.0,4.86,30.1,38.6,25.6,35.8,125.0,0.17,1,40334.8,34284.6,0.0,2.8,74.3,0,135646.0,0,0,33.14,20835.6,0,0,0,1,1.0,6.0,7.06,23.02,23.61,0.0535,1.018,5.35
NER-G250M-2208_10872_20260908,NER-G250M-2208_10872,2026-09-08,2026,9,3,305,24.575956,93.514008,954.0,32.58,324.6,56.33,279.1,11.0,19.4,76.5,273.7,939.6,24.0,29.0,21.4,7.6,91.0,0.8565,0.6841,-0.7768,0.6829,1.0,4.94,31.6,39.4,25.0,35.6,125.0,0.18,1,43630.4,37085.8,0.0,2.8,74.3,0,147848.1,0,0,14.03,33957.6,0,0,0,2,1.0,6.0,7.06,23.53,23.41,0.0535,1.019,5.34
NER-G250M-2208_10948_20260908,NER-G250M-2208_10948,2026-09-08,2026,9,3,301,24.748566,93.514716,459.0,32.62,333.2,56.39,279.4,11.0,26.0,82.8,318.2,1119.8,24.3,30.1,21.8,8.3,91.0,0.8392,0.7443,-0.7598,0.669,0.9732,4.92,34.1,39.2,25.2,35.6,125.0,0.18,1,38949.1,33106.7,0.0,2.8,74.3,0,161408.1,0,1,1.25,43071.6,0,0,0,3,1.0,6.0,7.06,23.84,23.46,0.0535,1.025,5.25
NER-G250M-2208_11025_20260908,NER-G250M-2208_11025,2026-09-08,2026,9,3,307,24.921172,93.51543,908.0,32.65,344.2,56.44,279.7,19.2,35.9,98.8,375.7,1286.8,24.3,29.5,21.8,7.7,91.0,0.8421,0.7291,-0.7636,0.6728,0.9804,4.82,36.7,38.2,25.9,35.9,124.9,0.17,1,19909.8,16923.3,0.0,2.8,74.3,0,176012.1,0,1,3.41,44214.0,0,0,0,3,1.0,6.0,7.06,23.88,23.71,0.0535,1.032,5.15
NER-G250M-2208_11101_20260908,NER-G250M-2208_11101,2026-09-08,2026,9,3,302,25.093774,93.516151,1529.0,32.68,357.0,56.49,279.9,7.2,13.6,66.1,270.3,961.4,20.6,24.6,18.0,6.6,91.0,0.8504,0.7054,-0.771,0.6783,1.0,4.7,38.0,37.0,26.7,36.3,124.9,0.16,1,1756.7,1493.2,56.1,2.8,74.3,0,173538.3,0,0,11.08,43656.1,0,0,0,2,1.0,6.0,7.06,23.65,24.01,0.0535,1.036,5.1
NER-G250M-2208_11178_20260908,NER-G250M-2208_11178,2026-09-08,2026,9,3,308,25.266372,93.516878,1476.0,32.71,10.1,56.54,280.1,7.6,13.9,59.8,196.8,690.7,20.1,25.1,17.7,7.4,92.0,0.8372,0.7495,-0.7588,0.6661,0.9683,4.65,37.4,36.5,27.0,36.5,124.9,0.16,1,18544.3,15762.7,0.0,2.8,74.3,0,154486.7,0,0,20.07,49525.5,0,0,0,1,1.0,6.0,7.06,23.38,24.13,0.0535,1.034,5.13
NER-G250M-2208_11254_20260908,NER-G250M-2208_11254,2026-09-08,2026,9,3,304,25.438966,93.517612,789.0,32.74,22.0,56.58,280.4,11.8,24.7,105.5,353.5,1103.4,24.7,28.1,22.0,6.1,93.0,0.827,0.7833,-0.7513,0.6596,0.9434,4.71,35.4,37.1,26.6,36.3,124.9,0.16,1,37666.4,32016.4,0.0,2.8,74.3,0,135465.7,0,0,17.63,50052.1,0,0,0,2,1.0,6.0,7.06,23.29,23.98,0.0535,1.027,5.22
NER-G250M-2273_10566_20260908,NER-G250M-2273_10566,2026-09-08,2026,9,3,304,23.88486,93.6716,927.0,30.45,311.5,52.92,262.5,9.0,24.7,76.7,231.7,958.4,23.6,29.4,20.8,8.6,91.0,0.8343,0.7633,-0.755,0.665,0.9611,4.65,35.1,36.5,27.0,36.5,122.3,0.16,1,51430.4,43715.8,0.0,2.8,74.3,0,127208.9,0,0,33.69,48384.0,0,0,0,1,1.0,6.0,7.06,23.04,24.13,0.0535,1.107,4.23
NER-G250M-2273_10643_20260908,NER-G250M-2273_10643,2026-09-08,2026,9,3,310,24.057481,93.672495,1155.0,30.39,313.6,52.82,262.0,4.6,14.1,59.3,193.0,777.0,22.1,26.9,18.7,8.2,87.0,0.8346,0.7645,-0.7554,0.6627,0.9618,4.69,32.4,36.9,26.7,36.4,122.3,0.16,1,35245.6,29958.8,0.0,2.8,74.3,0,132072.3,0,0,31.47,29269.1,0,0,0,1,1.0,6.0,7.06,22.77,24.03,0.0535,1.101,4.3
NER-G250M-2273_10719_20260908,NER-G250M-2273_10719,2026-09-08,2026,9,3,305,24.230098,93.673399,881.0,30.32,316.9,52.71,261.5,8.1,14.5,50.0,229.5,788.4,24.4,29.3,21.4,7.9,88.0,0.8549,0.6934,-0.7731,0.6813,1.0,4.81,30.4,38.1,26.0,35.9,122.3,0.17,1,23951.7,20358.9,0.0,2.8,74.3,0,139422.1,0,0,39.61,10327.6,0,0,0,1,1.0,6.0,7.06,22.89,23.74,0.0535,1.096,4.36
NER-G250M-2273_10795_20260908,NER-G250M-2273_10795,2026-09-08,2026,9,3,301,24.402711,93.674311,1174.0,30.26,321.6,52.62,261.0,3.5,9.2,45.6,229.6,779.1,21.7,25.4,19.2,6.2,91.0,0.867,0.6608,-0.7823,0.694,1.0,4.92,30.1,39.2,25.2,35.6,122.3,0.18,1,25285.1,21492.3,0.0,2.8,74.3,0,148890.4,0,0,36.22,9533.5,0,0,0,1,1.0,6.0,7.06,23.23,23.46,0.0535,1.095,4.37
NER-G250M-2273_10872_20260908,NER-G250M-2273_10872,2026-09-08,2026,9,3,307,24.57532,93.675232,574.0,30.19,327.8,52.5,260.5,7.9,12.9,40.4,202.6,676.7,26.1,29.7,23.4,6.3,90.0,0.8531,0.7013,-0.7691,0.6791,1.0,4.95,31.6,39.5,25.0,35.5,122.2,0.18,1,33573.6,28537.6,0.0,2.8,74.3,0,160101.7,0,0,20.25,28448.5,0,0,0,1,1.0,6.0,7.06,23.56,23.39,0.0535,1.101,4.3
NER-G250M-2273_10948_20260908,NER-G250M-2273_10948,2026-09-08,2026,9,3,302,24.747925,93.676161,734.0,30.12,335.9,52.39,259.9,15.5,22.0,66.3,237.5,922.6,23.4,28.9,21.0,7.9,93.0,0.8507,0.7067,-0.7678,0.6789,1.0,4.87,34.1,38.7,25.5,35.8,122.2,0.17,1,23118.2,19650.5,0.0,2.8,74.3,0,172716.7,0,0,12.19,27268.8,0,0,0,2,1.0,6.0,7.06,23.66,23.58,0.0535,1.112,4.18
NER-G250M-2273_11025_20260908,NER-G250M-2273_11025,2026-09-08,2026,9,3,308,24.920526,93.6771,751.0,30.05,345.9,52.28,259.4,12.0,21.7,63.3,253.4,890.5,24.6,29.0,22.1,6.9,92.0,0.8705,0.6578,-0.7849,0.692,1.0,4.75,36.6,37.5,26.4,36.1,122.2,0.17,1,25996.6,22097.1,0.0,2.8,74.3,0,186450.7,0,0,13.19,29011.7,0,0,0,2,1.0,6.0,7.06,23.62,23.89,0.0535,1.124,4.05
NER-G250M-2273_11101_20260908,NER-G250M-2273_11101,2026-09-08,2026,9,3,304,25.093123,93.678047,1215.0,29.98,357.3,52.17,258.8,14.8,25.5,75.9,262.2,958.5,21.9,26.9,19.6,7.3,92.0,0.8676,0.6634,-0.7833,0.6916,1.0,4.66,37.9,36.6,26.9,36.5,122.2,0.16,1,17821.1,15147.9,0.0,2.8,74.3,0,175899.4,0,0,7.47,27613.3,0,0,0,2,1.0,6.0,7.06,23.5,24.1,0.0535,1.131,3.98
NER-G250M-2273_11178_20260908,NER-G250M-2273_11178,2026-09-08,2026,9,3,310,25.265716,93.679002,1024.0,29.91,8.9,52.06,258.3,11.6,17.2,50.4,191.3,619.1,22.6,27.8,19.9,7.9,91.0,0.8406,0.7367,-0.76,0.6709,0.9767,4.67,37.4,36.7,26.9,36.4,122.2,0.16,1,25666.6,21816.6,0.0,2.8,74.3,0,157138.3,0,0,11.69,36162.6,0,0,0,2,1.0,6.0,7.06,23.45,24.08,0.0535,1.133,3.95
NER-G250M-875_11198_20260908,NER-G250M-875_11198,2026-09-08,2026,9,4,402,25.287469,90.207905,61.0,30.99,166.1,53.78,266.7,3.2,26.2,64.5,168.8,1011.7,28.1,31.7,25.1,6.6,91.0,0.8744,0.6371,-0.789,0.6993,1.0,4.74,45.3,36.4,31.1,32.5,122.2,0.19,1,85000.0,72250.0,0.0,4.2,76.0,0,25663.7,0,0,24.55,132663.6,0,0,0,1,1.0,6.0,7.06,24.53,24.56,0.0535,1.127,4.02
NER-G250M-875_11239_20260908,NER-G250M-875_11239,2026-09-08,2026,9,4,402,25.379121,90.2058,162.0,23.39,158.6,41.62,207.4,2.7,9.2,29.2,125.3,804.5,27.4,30.5,24.5,6.0,87.0,0.867,0.6608,-0.7823,0.694,1.0,4.75,44.2,36.5,31.0,32.5,122.2,0.19,1,85000.0,72250.0,0.0,4.2,76.0,0,18257.1,0,0,14.41,122738.1,0,0,0,2,1.0,6.0,7.06,24.4,24.53,0.0535,1.495,2.28
NER-G250M-875_11280_20260908,NER-G250M-875_11280,2026-09-08,2026,9,4,403,25.470771,90.203684,174.0,28.62,151.8,49.99,248.2,6.4,9.0,25.3,151.3,736.8,27.7,30.3,25.0,5.3,86.0,0.8528,0.7001,-0.7686,0.6784,1.0,4.73,42.9,36.3,31.1,32.6,122.3,0.19,1,76160.9,64736.8,0.0,4.2,76.0,1,14667.4,0,1,4.45,112857.1,0,0,0,3,1.0,6.0,7.06,24.14,24.58,0.0535,1.215,3.2
NER-G250M-875_11320_20260908,NER-G250M-875_11320,2026-09-08,2026,9,4,403,25.56242,90.201558,197.0,34.68,146.0,59.69,295.5,5.5,9.1,27.2,155.9,815.2,28.0,30.6,25.3,5.3,84.0,0.8406,0.7367,-0.76,0.6709,0.9767,4.68,41.4,35.8,31.5,32.7,122.3,0.19,1,66858.4,56829.6,0.0,4.2,76.0,0,17437.0,0,0,5.32,103033.2,0,0,0,2,1.0,6.0,7.06,23.74,24.71,0.0535,0.997,5.66
NER-G250M-875_11361_20260908,NER-G250M-875_11361,2026-09-08,2026,9,4,403,25.654068,90.199422,389.0,37.0,141.1,63.4,313.6,6.3,9.7,66.6,220.7,993.8,26.8,29.1,24.2,4.9,84.0,0.8382,0.7531,-0.7569,0.6678,0.9706,4.62,40.0,35.2,31.9,32.9,122.3,0.18,1,57850.1,49172.6,0.0,4.2,76.0,0,24496.1,0,0,15.1,93284.4,0,0,0,2,1.0,6.0,7.06,23.32,24.85,0.0535,0.931,6.75
NER-G250M-875_11402_20260908,NER-G250M-875_11402,2026-09-08,2026,9,4,403,25.745715,90.197275,191.0,34.89,136.9,60.02,297.1,3.3,27.7,76.0,228.9,1172.6,27.9,31.1,25.1,6.0,83.0,0.8392,0.7443,-0.7598,0.669,0.9732,4.55,38.9,34.5,32.3,33.2,122.4,0.18,1,49297.4,41902.8,0.0,4.2,76.0,0,33214.0,0,0,18.83,83637.0,0,0,0,2,1.0,6.0,7.06,22.91,25.02,0.0535,0.986,5.82
NER-G250M-986_11158_20260908,NER-G250M-986_11158,2026-09-08,2026,9,4,405,25.200765,90.485821,26.0,35.77,175.2,61.43,304.0,4.8,23.2,51.8,242.3,1291.0,28.0,32.1,25.2,6.9,90.0,0.8538,0.7039,-0.77,0.6803,1.0,4.75,45.9,36.5,31.0,32.5,116.9,0.19,1,85000.0,72250.0,0.0,4.2,76.0,0,33840.3,0,0,7.15,131919.2,0,0,0,2,1.0,6.0,7.06,24.66,24.53,0.0535,0.976,5.98
NER-G250M-986_11198_20260908,NER-G250M-986_11198,2026-09-08,2026,9,4,406,25.292438,90.483932,111.0,30.63,168.9,53.21,263.9,4.6,21.5,47.6,236.7,1247.9,27.7,31.6,25.1,6.5,89.0,0.8462,0.7173,-0.7654,0.6755,0.9904,4.73,45.2,36.3,31.1,32.6,117.0,0.19,1,85000.0,72250.0,0.0,4.2,76.0,0,24755.3,0,0,10.78,123595.9,0,0,0,2,1.0,6.0,7.06,24.48,24.58,0.0535,1.14,3.88
NER-G250M-986_11239_20260908,NER-G250M-986_11239,2026-09-08,2026,9,4,406,25.384111,90.482034,503.0,22.94,163.0,40.9,203.9,2.7,13.6,45.8,246.7,1129.6,25.6,28.8,23.2,5.6,89.0,0.8406,0.7367,-0.76,0.6709,0.9767,4.69,44.1,35.9,31.4,32.7,117.0,0.19,1,85000.0,72250.0,0.0,4.2,76.0,0,16959.3,0,0,19.69,115570.5,0,0,0,2,1.0,6.0,7.06,24.18,24.68,0.0535,1.528,2.28
NER-G250M-986_11280_20260908,NER-G250M-986_11280,2026-09-08,2026,9,4,406,25.475782,90.480127,685.0,29.03,157.5,50.65,251.4,2.6,9.3,35.2,209.7,920.1,24.7,28.1,22.1,6.0,90.0,0.8386,0.7419,-0.7589,0.6679,0.9717,4.62,42.8,35.2,31.8,33.0,117.0,0.18,1,85000.0,72250.0,0.0,4.2,76.0,1,13021.1,0,0,25.32,107909.4,0,0,0,1,1.0,6.0,7.06,23.74,24.84,0.0535,1.2,3.33
NER-G250M-986_11320_20260908,NER-G250M-986_11320,2026-09-08,2026,9,4,406,25.567452,90.478211,366.0,34.92,152.5,60.07,297.4,14.1,23.5,33.4,146.8,735.0,26.3,31.1,23.8,7.3,92.0,0.8443,0.7238,-0.7647,0.6729,0.9857,4.56,41.3,34.6,32.3,33.1,117.1,0.18,1,82689.8,70286.3,0.0,4.2,76.0,0,16081.3,0,0,20.83,100695.8,0,0,0,1,1.0,6.0,7.06,23.3,25.0,0.0535,0.991,5.75
NER-G250M-986_11361_20260908,NER-G250M-986_11361,2026-09-08,2026,9,4,406,25.65912,90.476285,335.0,37.0,148.1,63.4,313.6,10.0,18.8,29.9,157.2,775.3,26.6,31.3,24.1,7.2,92.0,0.8571,0.6867,-0.774,0.6842,1.0,4.5,40.0,34.0,32.7,33.3,117.1,0.17,1,75603.8,64263.2,0.0,4.2,76.0,0,23553.9,0,0,12.44,93367.8,0,0,0,2,1.0,6.0,7.06,22.9,25.15,0.0535,0.932,6.73
NER-G250M-986_11402_20260908,NER-G250M-986_11402,2026-09-08,2026,9,4,406,25.750787,90.47435,240.0,34.66,144.3,59.66,295.3,8.0,15.1,23.4,150.8,763.6,27.1,31.8,24.5,7.3,90.0,0.8732,0.6509,-0.786,0.6954,1.0,4.46,38.9,33.6,32.9,33.5,117.1,0.17,1,69291.6,58897.9,0.0,4.2,76.0,0,32528.0,0,0,9.08,83202.2,0,0,0,2,1.0,6.0,7.06,22.59,25.24,0.0535,0.994,5.7
NER-G250M-1209_11158_20260908,NER-G250M-1209_11158,2026-09-08,2026,9,4,403,25.209122,91.037662,196.0,35.45,175.6,60.92,301.5,7.8,23.3,95.1,348.1,1325.7,27.8,31.2,25.2,6.0,86.0,0.8474,0.7223,-0.7638,0.6748,0.9936,4.57,45.8,34.7,32.2,33.1,118.6,0.18,1,85000.0,72250.0,0.0,4.2,76.0,0,75052.3,0,0,39.01,93273.4,0,0,0,1,1.0,6.0,7.06,24.02,24.97,0.0535,0.986,5.82
NER-G250M-1209_11198_20260908,NER-G250M-1209_11198,2026-09-08,2026,9,4,403,25.30083,91.036187,304.0,30.0,170.5,52.2,259.0,4.6,13.2,71.0,234.4,970.1,26.6,30.1,23.6,6.5,86.0,0.8517,0.7105,-0.7692,0.6775,1.0,4.51,45.1,34.1,32.6,33.3,118.6,0.17,1,85000.0,72250.0,0.0,4.2,76.0,0,71442.7,0,0,31.53,89514.8,0,0,0,1,1.0,6.0,7.06,23.7,25.12,0.0535,1.169,3.6
NER-G250M-1209_11239_20260908,NER-G250M-1209_11239,2026-09-08,2026,9,4,403,25.392537,91.034705,622.0,22.18,165.6,39.69,198.0,3.5,15.7,53.1,168.2,683.9,25.9,30.3,22.9,7.4,89.0,0.8591,0.6786,-0.7783,0.6866,1.0,4.47,44.0,33.7,32.9,33.4,118.6,0.17,1,85000.0,72250.0,0.0,4.2,76.0,0,69155.3,0,0,25.95,86794.4,0,0,0,1,1.0,6.0,7.06,23.4,25.22,0.0535,1.59,2.28
NER-G250M-1209_11280_20260908,NER-G250M-1209_11280,2026-09-08,2026,9,4,403,25.484242,91.033216,643.0,29.69,161.0,51.7,256.6,1.7,7.3,35.0,176.7,733.0,24.1,27.4,21.3,6.1,88.0,0.8725,0.6482,-0.785,0.694,1.0,4.45,42.7,33.5,33.0,33.5,118.6,0.17,1,85000.0,72250.0,0.0,4.2,76.0,0,68323.2,0,0,23.67,81180.9,0,0,0,1,1.0,6.0,7.06,23.13,25.27,0.0535,1.177,3.53
NER-G250M-1209_11320_20260908,NER-G250M-1209_11320,2026-09-08,2026,9,4,403,25.575947,91.031719,921.0,35.29,156.7,60.66,300.3,3.3,10.4,48.2,247.5,895.0,23.1,26.1,20.4,5.7,88.0,0.8747,0.6385,-0.7895,0.7,1.0,4.46,41.2,33.6,32.9,33.5,118.5,0.17,1,85000.0,72250.0,0.0,4.2,76.0,0,68998.8,0,0,24.62,71284.7,0,0,0,1,1.0,6.0,7.06,22.94,25.24,0.0535,0.981,5.9
NER-G250M-1209_11361_20260908,NER-G250M-1209_11361,2026-09-08,2026,9,4,404,25.66765,91.030216,921.0,36.97,152.9,63.35,313.4,3.4,17.7,78.5,323.4,1084.3,23.5,26.8,21.0,5.8,87.0,0.8663,0.6581,-0.7854,0.6926,1.0,4.5,39.8,34.0,32.6,33.4,118.5,0.17,1,85000.0,72250.0,0.0,4.2,76.0,0,71139.2,0,0,29.04,61481.7,0,0,0,1,1.0,6.0,7.06,22.87,25.14,0.0535,0.932,6.73
NER-G250M-1209_11402_20260908,NER-G250M-1209_11402,2026-09-08,2026,9,4,404,25.759352,91.028704,524.0,34.22,149.5,58.95,291.9,6.8,23.6,83.0,402.2,1192.6,26.6,29.9,24.7,5.2,87.0,0.8522,0.6975,-0.7713,0.6805,1.0,4.56,38.8,34.6,32.2,33.2,118.5,0.18,1,85000.0,72250.0,0.0,4.2,76.0,0,74618.3,0,0,21.97,51824.7,0,0,0,1,1.0,6.0,7.06,22.93,24.99,0.0535,1.005,5.54
NER-G250M-1320_11158_20260908,NER-G250M-1320_11158,2026-09-08,2026,9,4,406,25.212528,91.313667,140.0,35.31,175.3,60.7,300.4,2.8,19.5,96.5,346.8,1517.2,27.8,30.7,24.7,6.0,86.0,0.833,0.7707,-0.7518,0.6633,0.958,4.47,45.8,33.7,32.9,33.4,123.7,0.17,1,85000.0,72250.0,0.0,4.2,76.0,0,100836.5,0,0,31.29,69150.5,0,0,0,1,1.0,6.0,7.06,23.66,25.22,0.0535,0.992,5.73
NER-G250M-1320_11198_20260908,NER-G250M-1320_11198,2026-09-08,2026,9,4,406,25.30425,91.312399,592.0,29.73,170.1,51.77,256.9,2.6,12.7,69.2,331.7,1552.0,24.4,27.1,21.4,5.7,86.0,0.8413,0.7392,-0.7609,0.6691,0.9783,4.45,45.1,33.5,33.0,33.5,123.7,0.17,1,85000.0,72250.0,0.0,4.2,76.0,0,98197.2,0,0,21.23,63967.6,0,0,0,1,1.0,6.0,7.06,23.49,25.27,0.0535,1.181,3.49
NER-G250M-1320_11239_20260908,NER-G250M-1320_11239,2026-09-08,2026,9,4,406,25.395972,91.311126,1466.0,22.13,165.1,39.61,197.6,6.2,14.2,45.2,282.9,1188.0,20.1,23.6,17.5,6.1,93.0,0.8481,0.7107,-0.7697,0.6782,0.9953,4.46,44.0,33.6,32.9,33.5,123.7,0.17,1,85000.0,72250.0,0.0,4.2,76.0,0,96564.1,0,0,11.39,60077.7,0,0,0,2,1.0,6.0,7.06,23.36,25.24,0.0535,1.594,2.28
NER-G250M-1320_11280_20260908,NER-G250M-1320_11280,2026-09-08,2026,9,4,406,25.487691,91.309846,1502.0,29.95,160.5,52.12,258.6,12.3,29.3,56.9,232.0,870.1,20.4,24.6,17.8,6.8,92.0,0.8531,0.7013,-0.7691,0.6791,1.0,4.5,42.6,34.0,32.7,33.3,123.6,0.17,1,85000.0,72250.0,0.0,4.2,76.0,0,95988.4,0,1,4.03,57742.8,0,0,0,3,1.0,6.0,7.06,23.29,25.15,0.0535,1.165,3.64
NER-G250M-1320_11320_20260908,NER-G250M-1320_11320,2026-09-08,2026,9,4,407,25.57941,91.308559,1444.0,35.43,156.2,60.89,301.4,9.3,18.3,59.6,207.8,745.7,20.4,25.7,17.5,8.2,91.0,0.8487,0.7133,-0.7671,0.6762,0.9969,4.56,41.1,34.6,32.3,33.1,123.6,0.18,1,84618.9,71926.1,0.0,4.2,76.0,0,96488.9,0,0,7.64,57153.6,0,0,0,2,1.0,6.0,7.06,23.27,25.0,0.0535,0.976,5.98
NER-G250M-1320_11361_20260908,NER-G250M-1320_11361,2026-09-08,2026,9,4,407,25.671128,91.307267,1255.0,36.94,152.4,63.3,313.1,18.5,42.8,161.4,548.3,1530.5,20.9,23.9,18.2,5.7,93.0,0.8434,0.734,-0.762,0.6721,0.9835,4.62,39.8,35.2,31.8,33.0,123.6,0.18,1,76642.7,65146.3,0.0,4.2,76.0,0,98049.4,0,0,17.18,58363.0,0,0,0,2,1.0,6.0,7.06,23.29,24.84,0.0535,0.931,6.75
NER-G250M-1320_11402_20260908,NER-G250M-1320_11402,2026-09-08,2026,9,4,407,25.762844,91.305968,870.0,34.04,149.0,58.66,290.5,14.6,55.7,143.5,542.4,1703.8,23.4,26.3,20.8,5.5,92.0,0.8383,0.7407,-0.7585,0.6673,0.9709,4.69,38.7,35.9,31.4,32.7,123.6,0.19,1,69248.0,58860.8,0.0,4.2,76.0,0,100620.3,0,0,17.06,49667.9,0,0,0,2,1.0,6.0,7.06,23.37,24.68,0.0535,1.009,5.48
NER-G250M-1431_11158_20260908,NER-G250M-1431_11158,2026-09-08,2026,9,4,409,25.21542,91.589719,787.0,35.19,174.7,60.5,299.5,3.4,14.3,89.1,462.3,2054.2,23.2,26.3,20.4,5.9,90.0,0.8673,0.6621,-0.7828,0.691,1.0,4.46,45.8,33.6,33.0,33.4,124.7,0.17,1,85000.0,72250.0,0.0,4.2,76.0,0,127403.0,0,0,34.3,48905.1,0,0,0,1,1.0,6.0,7.06,23.63,25.25,0.0535,0.995,5.69
NER-G250M-1756_10270_20260908,NER-G250M-1756_10270,2026-09-08,2026,9,5,501,23.217045,92.405819,74.0,32.16,254.1,55.66,275.8,10.2,27.0,60.8,329.3,1414.2,27.4,31.8,25.0,6.8,89.0,0.8487,0.7133,-0.7671,0.6762,0.9969,4.71,34.8,37.1,26.6,36.3,121.6,0.16,1,39463.5,33544.0,0.0,4.2,84.5,0,51407.6,0,0,41.24,44896.9,0,0,0,1,1.0,6.0,7.06,23.2,23.98,0.0535,1.045,4.98
NER-G250M-1756_10376_20260908,NER-G250M-1756_10376,2026-09-08,2026,9,5,503,23.456365,92.404753,362.0,32.6,254.9,56.36,279.3,11.0,27.1,61.4,304.1,1226.2,26.4,30.3,24.1,6.2,90.0,0.8642,0.6663,-0.7808,0.69,1.0,4.65,37.6,36.5,27.0,36.5,121.6,0.16,1,40038.2,34032.5,0.0,4.2,84.5,0,24870.3,0,0,36.78,43061.7,0,0,0,1,1.0,6.0,7.06,23.41,24.13,0.0535,1.038,5.07
NER-G250M-1756_10694_20260908,NER-G250M-1756_10694,2026-09-08,2026,9,5,509,24.17428,92.40147,264.0,37.47,251.6,64.15,317.3,14.8,40.8,67.6,304.0,1020.2,27.0,31.2,24.6,6.6,91.0,0.8439,0.7226,-0.7642,0.6723,0.9849,4.92,30.9,39.2,25.2,35.6,121.5,0.18,1,60520.3,51442.3,0.0,4.2,84.5,0,54896.4,0,0,28.13,28759.5,0,0,0,1,1.0,6.0,7.06,23.35,23.46,0.0535,0.884,7.66
NER-G250M-1756_10800_20260908,NER-G250M-1756_10800,2026-09-08,2026,9,5,511,24.41357,92.400347,42.0,33.53,247.5,57.85,286.5,18.0,40.9,74.2,400.1,1306.6,27.2,31.8,24.6,7.2,90.0,0.8413,0.7392,-0.7609,0.6691,0.9783,4.76,30.1,37.6,26.3,36.1,121.5,0.17,1,58626.8,49832.8,0.0,4.2,84.5,0,81450.0,0,0,10.93,22213.3,0,0,0,2,1.0,6.0,7.06,22.68,23.86,0.0535,0.989,5.78
NER-G250M-1801_10270_20260908,NER-G250M-1801_10270,2026-09-08,2026,9,5,502,23.217418,92.514469,688.0,37.2,260.2,63.72,315.2,21.6,38.6,68.9,326.4,1514.0,24.5,29.4,22.2,7.2,94.0,0.8446,0.7251,-0.7652,0.6735,0.9865,4.68,34.8,36.8,26.8,36.4,123.0,0.16,1,28618.5,24325.7,0.0,4.2,84.5,0,52208.4,0,0,31.43,34487.1,0,0,0,1,1.0,6.0,7.06,23.1,24.06,0.0535,0.902,7.29
NER-G250M-1801_10376_20260908,NER-G250M-1801_10376,2026-09-08,2026,9,5,504,23.456742,92.513598,1021.0,25.27,260.7,44.63,222.1,24.8,43.5,74.7,296.5,1165.2,22.1,26.9,19.8,7.1,93.0,0.8753,0.6412,-0.7905,0.6975,1.0,4.67,37.7,36.7,26.9,36.4,123.0,0.16,1,32810.8,27889.2,0.0,4.2,84.5,0,26490.3,0,0,29.56,35996.7,0,0,0,1,1.0,6.0,7.06,23.5,24.08,0.0535,1.346,2.3
NER-G250M-1801_10482_20260908,NER-G250M-1801_10482,2026-09-08,2026,9,5,506,23.696059,92.512715,143.0,38.04,260.6,65.06,321.7,22.5,34.2,74.7,322.3,983.2,26.7,31.4,24.4,7.0,92.0,0.8604,0.6839,-0.7763,0.6857,1.0,4.83,37.4,38.3,25.8,35.9,122.9,0.17,1,18733.6,15923.6,0.0,4.2,84.5,1,9441.3,0,0,8.31,20085.0,0,0,0,2,1.0,6.0,7.06,24.01,23.69,0.0535,0.887,7.59
NER-G250M-1801_10588_20260908,NER-G250M-1801_10588,2026-09-08,2026,9,5,508,23.935368,92.511821,184.0,32.08,260.0,55.53,275.2,21.2,36.3,88.8,356.0,999.1,26.0,30.9,23.7,7.2,93.0,0.8434,0.734,-0.762,0.6721,0.9835,4.95,34.3,39.5,25.0,35.5,122.9,0.18,1,32197.4,27367.8,0.0,4.2,84.5,0,29795.9,0,0,18.33,23250.3,0,0,0,2,1.0,6.0,7.06,23.97,23.39,0.0535,1.042,5.02
NER-G250M-1845_10270_20260908,NER-G250M-1845_10270,2026-09-08,2026,9,5,504,23.217716,92.623121,376.0,38.4,266.7,65.64,324.5,17.8,32.7,86.3,371.1,1465.1,25.5,30.8,23.0,7.8,93.0,0.8369,0.7483,-0.7584,0.6684,0.9675,4.66,34.8,36.6,27.0,36.4,124.9,0.16,1,17796.9,15127.4,0.0,4.2,84.5,0,55187.5,0,0,22.6,24479.9,0,0,0,1,1.0,6.0,7.06,23.03,24.11,0.0535,0.874,7.87
NER-G250M-1845_10376_20260908,NER-G250M-1845_10376,2026-09-08,2026,9,5,505,23.457044,92.622445,858.0,30.42,266.9,52.87,262.3,36.3,55.3,81.3,310.4,1074.3,22.9,27.5,20.5,7.0,93.0,0.8705,0.6578,-0.7849,0.692,1.0,4.7,37.7,37.0,26.6,36.4,124.9,0.16,1,28061.1,23851.9,0.0,4.2,84.5,0,31973.6,0,0,18.89,26546.2,0,0,0,2,1.0,6.0,7.06,23.61,24.0,0.0535,1.113,4.17
NER-G250M-1845_10482_20260908,NER-G250M-1845_10482,2026-09-08,2026,9,5,507,23.696364,92.62176,989.0,34.11,266.8,58.78,291.1,26.6,48.6,82.0,312.0,982.4,22.3,28.1,20.2,7.9,93.0,0.8559,0.6973,-0.7708,0.6798,1.0,4.87,37.4,38.7,25.5,35.8,124.9,0.17,1,7834.4,6659.2,0.0,4.2,84.5,0,20257.6,0,0,9.55,9581.4,0,0,0,2,1.0,6.0,7.06,24.16,23.58,0.0535,0.988,5.79
NER-G250M-1845_10588_20260908,NER-G250M-1845_10588,2026-09-08,2026,9,5,509,23.935677,92.621066,75.0,37.17,266.6,63.67,314.9,27.8,43.5,86.4,378.9,1069.1,27.3,32.5,25.2,7.3,93.0,0.8549,0.6934,-0.7731,0.6813,1.0,4.95,34.3,39.5,25.0,35.5,124.9,0.18,1,27325.1,23226.3,0.0,4.2,84.5,0,34780.9,0,0,12.87,17069.5,0,0,0,2,1.0,6.0,7.06,23.97,23.39,0.0535,0.9,7.33
NER-G250M-1890_10270_20260908,NER-G250M-1890_10270,2026-09-08,2026,9,5,505,23.217939,92.731774,727.0,35.42,273.3,60.87,301.3,14.1,32.9,82.6,352.8,1335.4,24.1,29.5,21.6,7.9,93.0,0.8362,0.7582,-0.7559,0.6649,0.9658,4.65,34.8,36.5,27.0,36.5,127.1,0.16,1,7107.2,6041.1,0.0,4.2,84.5,0,60021.4,0,0,16.44,15667.5,0,0,0,2,1.0,6.0,7.06,22.99,24.13,0.0535,0.948,6.45
NER-G250M-1890_10376_20260908,NER-G250M-1890_10376,2026-09-08,2026,9,5,507,23.457269,92.731293,844.0,36.24,273.1,62.18,307.7,34.0,50.5,92.0,310.5,1176.4,21.0,26.0,18.6,7.4,94.0,0.8556,0.696,-0.7741,0.6825,1.0,4.75,37.7,37.5,26.4,36.1,127.1,0.17,1,27124.3,23055.7,0.0,4.2,84.5,0,39752.6,0,0,8.04,18717.2,0,0,0,2,1.0,6.0,7.06,23.78,23.89,0.0535,0.932,6.73
NER-G250M-1890_10482_20260908,NER-G250M-1890_10482,2026-09-08,2026,9,5,508,23.696592,92.730806,637.0,27.23,273.1,47.77,237.4,12.5,38.0,92.0,340.0,1120.0,24.5,28.5,20.5,8.0,84.0,0.8437,0.7352,-0.7625,0.6697,0.9843,4.91,37.4,39.1,25.3,35.6,127.1,0.18,5,3103.7,2638.1,22.4,4.2,84.5,0,31135.1,0,1,1.91,4252.1,0,0,0,3,1.0,6.0,7.06,24.3,23.49,0.0535,1.24,3.0
NER-G250M-1890_10588_20260908,NER-G250M-1890_10588,2026-09-08,2026,9,5,510,23.935907,92.730312,754.0,38.4,273.3,65.64,324.5,12.5,38.0,92.0,340.0,1120.0,24.5,28.5,20.5,8.0,84.0,0.8588,0.6773,-0.7778,0.686,1.0,4.93,34.3,39.3,25.1,35.6,127.1,0.18,1,26360.5,22406.4,0.0,4.2,84.5,0,42069.2,0,0,13.12,16767.0,0,0,0,2,1.0,6.0,7.06,23.9,23.44,0.0535,0.871,7.93
NER-G250M-2371_11537_20260908,NER-G250M-2371_11537,2026-09-08,2026,9,6,605,26.075594,93.928091,130.0,28.82,40.4,50.31,249.8,12.9,29.9,76.1,268.4,780.1,28.6,31.6,25.0,6.6,85.0,0.7673,0.6227,-0.6809,0.609,0.804,4.71,30.8,37.1,26.6,36.3,121.2,0.16,1,58834.4,50009.2,0.0,4.2,73.9,0,86064.6,0,0,32.93,27023.3,0,0,0,1,1.0,6.0,7.06,22.61,23.98,0.0535,1.158,3.71
NER-G250M-2442_11379_20260908,NER-G250M-2442_11379,2026-09-08,2026,9,6,604,25.718679,94.103512,1232.0,34.65,29.2,59.64,295.3,17.5,71.9,246.8,589.3,2340.2,22.3,25.8,19.9,5.9,92.0,0.8522,0.6975,-0.7713,0.6805,1.0,4.89,31.2,38.9,25.4,35.7,123.3,0.18,1,23656.1,20107.7,0.0,4.2,73.9,0,127923.9,0,1,1.62,5442.2,0,0,0,3,1.0,6.0,7.06,23.29,23.54,0.0535,0.958,6.28
NER-G250M-2442_11458_20260908,NER-G250M-2442_11458,2026-09-08,2026,9,6,611,25.896508,94.10516,577.0,35.23,34.9,60.57,299.8,15.7,33.0,88.7,306.4,967.1,24.0,27.7,21.8,5.9,94.0,0.7788,0.6051,-0.6913,0.6188,0.83,4.76,30.0,37.6,26.2,36.2,123.3,0.17,1,38247.2,32510.1,0.0,4.2,73.9,0,112685.0,0,0,7.17,25147.0,0,0,0,2,1.0,6.0,7.06,22.66,23.85,0.0535,0.94,6.59
NER-G250M-2442_11537_20260908,NER-G250M-2442_11537,2026-09-08,2026,9,6,607,26.074333,94.106825,230.0,31.51,39.2,54.62,270.8,8.4,16.5,94.1,342.5,904.0,26.7,30.0,23.6,6.4,88.0,0.8058,0.5692,-0.7157,0.6381,0.8925,4.66,30.8,36.6,26.9,36.5,123.3,0.16,1,41718.6,35460.8,0.0,4.2,73.9,0,99050.1,0,0,15.97,41865.3,0,0,0,2,1.0,6.0,7.06,22.43,24.1,0.0535,1.057,4.83
NER-G250M-2514_11379_20260908,NER-G250M-2514_11379,2026-09-08,2026,9,6,606,25.717221,94.281698,1043.0,38.37,28.9,65.59,324.3,11.5,28.9,95.3,290.9,1000.3,23.0,27.4,20.5,6.9,94.0,0.833,0.7707,-0.7549,0.6633,0.958,4.82,31.2,38.2,25.9,35.9,126.7,0.17,1,13139.6,11168.7,0.0,4.2,73.9,0,139286.8,0,0,17.04,17952.0,0,0,0,2,1.0,6.0,7.06,23.05,23.71,0.0535,0.865,8.06
NER-G250M-2514_11458_20260908,NER-G250M-2514_11458,2026-09-08,2026,9,6,602,25.895039,94.283613,1194.0,24.08,34.6,42.73,212.8,21.2,34.7,101.2,319.8,982.2,21.9,25.9,19.4,6.5,94.0,0.7663,0.62,-0.6795,0.6107,0.8017,4.69,30.0,36.9,26.7,36.4,126.7,0.16,1,32790.3,27871.8,0.0,4.2,73.9,0,125454.7,0,0,11.13,30420.1,0,0,0,2,1.0,6.0,7.06,22.41,24.03,0.0535,1.389,2.28
NER-G250M-2514_11537_20260908,NER-G250M-2514_11537,2026-09-08,2026,9,6,609,26.072852,94.285546,1375.0,38.35,38.9,65.56,324.1,16.5,35.9,107.6,333.7,1047.6,20.3,23.6,17.6,6.0,92.0,0.8026,0.5722,-0.7136,0.6368,0.885,4.65,30.7,36.5,27.0,36.5,126.8,0.16,1,25672.8,21821.9,0.0,4.2,73.9,0,113386.9,0,0,8.06,34429.7,0,0,0,2,1.0,6.0,7.06,22.38,24.13,0.0535,0.865,8.06
NER-G250M-2514_11616_20260908,NER-G250M-2514_11616,2026-09-08,2026,9,6,604,26.250661,94.287497,411.0,28.05,42.0,49.08,243.8,18.1,35.4,95.5,318.7,828.0,27.2,30.5,24.3,6.2,90.0,0.7975,0.5812,-0.7067,0.6322,0.873,4.72,33.0,37.2,26.5,36.3,126.8,0.16,1,21981.8,18684.5,0.0,4.2,73.9,0,103700.8,0,0,10.18,23886.6,0,0,0,2,1.0,6.0,7.06,22.97,23.95,0.0535,1.196,3.36
NER-G250M-2585_11301_20260908,NER-G250M-2585_11301,2026-09-08,2026,9,6,601,25.537735,94.45771,1060.0,37.22,21.9,63.75,315.3,2.1,14.2,50.7,242.5,1122.0,23.5,27.1,20.6,6.5,86.0,0.8403,0.7355,-0.7629,0.6703,0.9759,4.87,33.8,38.7,25.5,35.8,129.7,0.17,1,17218.9,14636.1,0.0,4.2,73.9,0,165870.2,0,0,13.99,30801.1,0,0,0,2,1.0,6.0,7.06,23.62,23.58,0.0535,0.898,7.37
NER-G250M-2585_11379_20260908,NER-G250M-2585_11379,2026-09-08,2026,9,6,608,25.715545,94.45987,1221.0,31.71,29.4,54.94,272.3,5.1,15.3,63.0,251.7,1222.8,23.0,27.6,20.1,7.5,91.0,0.8318,0.778,-0.7517,0.6617,0.955,4.74,31.2,37.4,26.4,36.2,129.8,0.17,1,20495.8,17421.4,0.0,4.2,73.9,0,151910.8,0,0,5.89,35350.4,0,0,0,2,1.0,6.0,7.06,22.77,23.91,0.0535,1.05,4.92
NER-G250M-2585_11458_20260908,NER-G250M-2585_11458,2026-09-08,2026,9,6,603,25.893349,94.462051,1700.0,35.11,35.2,60.38,298.9,9.2,28.8,73.0,229.4,934.9,20.2,24.1,17.5,6.6,93.0,0.7639,0.623,-0.678,0.6098,0.7964,4.66,30.0,36.6,27.0,36.4,129.8,0.16,1,34249.2,29111.8,0.0,4.2,73.9,0,139357.8,0,0,8.71,43058.4,0,0,0,2,1.0,6.0,7.06,22.31,24.11,0.0535,0.945,6.5
NER-G250M-2585_11537_20260908,NER-G250M-2585_11537,2026-09-08,2026,9,6,610,26.07115,94.464252,726.0,34.75,39.6,59.8,296.1,9.0,20.3,76.6,257.0,899.6,24.8,28.4,21.9,6.5,92.0,0.7762,0.6081,-0.6896,0.6178,0.8241,4.68,30.7,36.8,26.8,36.4,129.8,0.16,1,14742.3,12531.0,0.0,4.2,73.9,0,128623.2,0,1,2.57,26006.9,0,0,0,3,1.0,6.0,7.06,22.48,24.06,0.0535,0.956,6.31
NER-G250M-2585_11616_20260908,NER-G250M-2585_11616,2026-09-08,2026,9,6,606,26.248945,94.466474,925.0,32.17,42.6,55.67,275.9,19.3,33.8,98.7,299.8,938.8,23.7,27.7,20.8,6.9,93.0,0.7586,0.6358,-0.6721,0.6031,0.7846,4.79,33.0,37.9,26.0,36.1,129.8,0.17,1,6384.1,5426.5,0.0,4.2,73.9,0,120195.3,0,0,8.95,7795.3,0,0,0,2,1.0,6.0,7.06,23.21,23.78,0.0535,1.038,5.07
NER-G250M-2657_11379_20260908,NER-G250M-2657_11379,2026-09-08,2026,9,6,609,25.713651,94.638025,988.0,28.5,30.7,49.8,247.3,4.8,13.2,48.7,214.6,951.3,24.3,28.3,21.7,6.6,90.0,0.8514,0.7092,-0.7688,0.6769,1.0,4.68,31.3,36.8,26.8,36.4,131.0,0.16,1,36079.8,30667.8,0.0,4.2,73.9,0,165506.8,0,1,1.76,52073.6,0,0,0,3,1.0,6.0,7.06,22.57,24.06,0.0535,1.173,3.57
NER-G250M-2657_11458_20260908,NER-G250M-2657_11458,2026-09-08,2026,9,6,605,25.891441,94.640472,2144.0,38.27,36.7,65.43,323.5,7.9,27.9,73.1,257.3,944.4,17.1,21.7,14.3,7.4,93.0,0.8618,0.6731,-0.7797,0.6868,1.0,4.66,30.0,36.6,27.0,36.4,131.0,0.16,1,37018.8,31466.0,0.0,4.2,73.9,0,154087.1,0,0,6.25,46922.9,0,0,0,2,1.0,6.0,7.06,22.31,24.11,0.0535,0.866,8.04
NER-G250M-2728_11458_20260908,NER-G250M-2728_11458,2026-09-08,2026,9,6,607,25.889313,94.818874,560.0,31.16,39.2,54.06,268.0,3.1,6.0,21.3,181.0,943.7,26.7,28.9,24.1,4.8,84.0,0.8788,0.6369,-0.7928,0.6986,1.0,4.69,30.0,36.9,26.7,36.4,129.8,0.16,1,46969.2,39923.8,0.0,4.2,73.9,0,169426.7,0,1,3.28,54510.2,0,0,0,3,1.0,6.0,7.06,22.41,24.03,0.0535,1.067,4.7
NER-G250M-2800_11773_20260908,NER-G250M-2800_11773,2026-09-08,2026,9,6,602,26.597938,95.009449,571.0,26.57,54.0,46.71,232.2,20.7,32.4,102.1,341.9,1115.6,26.8,31.0,23.6,7.4,88.0,0.8651,0.6703,-0.7783,0.6884,1.0,4.77,37.6,37.7,26.2,36.1,126.5,0.17,1,67427.5,57313.4,0.0,4.2,73.9,0,166045.5,0,0,13.69,55663.6,0,0,0,2,1.0,6.0,7.06,23.84,23.83,0.0535,1.276,2.74
NER-G250M-2871_11773_20260908,NER-G250M-2871_11773,2026-09-08,2026,9,6,604,26.59529,95.188893,1394.0,33.32,59.4,57.51,284.9,8.0,20.2,103.2,280.3,1064.4,21.5,25.9,18.8,7.1,93.0,0.8458,0.716,-0.7649,0.6749,0.9896,4.7,37.6,37.0,26.7,36.3,123.1,0.16,1,81675.8,69424.4,0.0,4.2,73.9,0,154373.4,0,0,21.15,72540.1,0,0,0,1,1.0,6.0,7.06,23.59,24.01,0.0535,1.015,5.39
NER-G250M-68_12071_20260908,NER-G250M-68_12071,2026-09-08,2026,9,7,702,27.199329,88.127682,2509.0,38.47,41.7,65.75,325.1,30.6,119.3,202.2,552.2,2062.5,15.7,19.0,14.0,5.0,94.0,0.8484,0.712,-0.7666,0.6756,0.9961,4.95,36.4,20.5,49.0,30.5,118.0,0.14,1,48535.7,41255.3,0.0,2.8,47.1,0,51498.2,0,0,7.28,40363.3,0,0,0,2,1.0,6.0,7.06,17.64,29.21,0.0535,0.917,7.01
NER-G250M-68_12114_20260908,NER-G250M-68_12114,2026-09-08,2026,9,7,705,27.29574,88.12347,2537.0,33.9,40.0,58.44,289.4,23.2,78.6,139.4,312.0,986.0,15.6,19.9,13.4,6.5,92.0,0.8491,0.7145,-0.7675,0.6768,0.9976,4.96,35.1,20.6,49.0,30.4,118.0,0.14,1,47655.3,40507.0,0.0,2.8,47.1,0,41308.4,0,1,3.71,42982.2,0,0,0,3,1.0,6.0,7.06,17.48,29.19,0.0535,1.053,4.88
NER-G250M-68_12157_20260908,NER-G250M-68_12157,2026-09-08,2026,9,7,703,27.392149,88.119237,3421.0,24.02,38.0,42.63,212.4,20.7,65.0,128.3,336.7,1242.7,10.2,14.4,7.7,6.7,91.0,0.8553,0.6947,-0.7736,0.6819,1.0,4.99,34.3,20.9,48.7,30.4,117.9,0.14,1,49152.4,41779.5,0.0,2.8,47.1,0,31467.1,0,0,13.51,47909.4,0,0,0,2,1.0,6.0,7.06,17.46,29.11,0.0535,1.525,2.28
NER-G250M-103_12071_20260908,NER-G250M-103_12071,2026-09-08,2026,9,7,703,27.202416,88.217121,1751.0,36.43,42.2,62.49,309.2,46.3,124.5,162.0,366.4,1843.6,18.0,22.0,16.0,6.0,87.0,0.8392,0.7443,-0.7598,0.669,0.9732,4.95,36.4,20.5,49.0,30.5,119.2,0.14,1,39790.6,33822.0,0.0,2.8,47.1,0,49790.5,0,0,7.13,31494.1,0,0,0,2,1.0,6.0,7.06,17.64,29.21,0.0535,0.975,6.0
NER-G250M-103_12114_20260908,NER-G250M-103_12114,2026-09-08,2026,9,7,701,27.29884,88.212986,2027.0,27.99,40.5,48.98,243.3,25.3,97.4,127.8,274.8,1152.2,17.8,21.4,15.6,5.8,89.0,0.8455,0.7288,-0.7631,0.6722,0.9889,4.97,35.1,20.7,48.8,30.5,119.2,0.14,1,38701.6,32896.4,0.0,2.8,47.1,0,39154.1,0,1,4.65,34777.9,0,0,0,3,1.0,6.0,7.06,17.51,29.15,0.0535,1.297,2.6
NER-G250M-103_12157_20260908,NER-G250M-103_12157,2026-09-08,2026,9,7,704,27.395262,88.20883,2016.0,30.59,38.4,53.14,263.6,25.3,97.4,127.8,274.8,1152.2,18.5,22.1,16.3,5.8,89.0,0.8581,0.6906,-0.7717,0.6827,1.0,5.03,34.3,21.3,48.5,30.2,119.1,0.15,1,40521.0,34442.8,0.0,2.8,47.1,0,28574.1,0,0,6.76,40702.7,0,0,0,2,1.0,6.0,7.06,17.6,29.02,0.0535,1.175,3.55
NER-G250M-103_12200_20260908,NER-G250M-103_12200,2026-09-08,2026,9,7,702,27.491682,88.204653,4208.0,37.63,36.0,64.41,318.5,15.5,64.7,132.7,501.9,1461.8,7.3,11.0,3.7,7.3,92.0,0.8735,0.6523,-0.7865,0.696,1.0,5.09,34.0,21.9,48.1,30.0,119.1,0.15,1,44896.4,38161.9,0.0,2.8,47.1,0,18148.9,0,0,16.99,44330.0,0,0,0,2,1.0,6.0,7.06,17.77,28.87,0.0535,0.933,6.71
NER-G250M-139_12071_20260908,NER-G250M-139_12071,2026-09-08,2026,9,7,704,27.205447,88.306575,1278.0,31.68,42.9,54.89,272.1,13.4,48.1,87.5,341.7,1439.2,22.8,27.4,20.6,6.8,87.0,0.8299,0.7709,-0.7522,0.6611,0.9505,4.96,36.3,20.6,48.9,30.5,119.9,0.14,1,31163.0,26488.5,0.0,2.8,47.1,0,49668.6,0,0,6.11,22686.3,0,0,0,2,1.0,6.0,7.06,17.66,29.18,0.0535,1.137,3.91
NER-G250M-139_12114_20260908,NER-G250M-139_12114,2026-09-08,2026,9,7,702,27.301883,88.302516,847.0,26.78,41.2,47.05,233.9,13.4,48.1,87.5,341.7,1439.2,23.1,27.7,20.9,6.8,87.0,0.8395,0.7456,-0.7603,0.6696,0.974,5.0,35.1,21.0,48.6,30.4,119.9,0.14,1,29749.1,25286.7,0.0,2.8,47.1,0,38996.2,0,1,2.65,27051.6,0,0,0,3,1.0,6.0,7.06,17.61,29.08,0.0535,1.36,2.28
NER-G250M-139_12157_20260908,NER-G250M-139_12157,2026-09-08,2026,9,7,705,27.398318,88.298437,1515.0,35.75,39.1,61.4,303.8,5.1,47.9,85.4,311.1,1296.2,19.6,23.6,17.3,6.3,88.0,0.8531,0.7013,-0.7691,0.6791,1.0,5.06,34.3,21.6,48.2,30.2,119.9,0.15,1,32070.3,27259.8,0.0,2.8,47.1,0,28353.5,0,0,8.34,32065.9,0,0,0,2,1.0,6.0,7.06,17.7,28.93,0.0535,0.988,5.79
NER-G250M-139_12200_20260908,NER-G250M-139_12200,2026-09-08,2026,9,7,703,27.49475,88.294338,4759.0,38.39,36.6,65.62,324.4,15.5,64.7,132.7,501.9,1461.8,2.6,6.3,-1.0,7.3,92.0,0.8676,0.6634,-0.7833,0.6916,1.0,5.13,34.0,22.3,47.8,29.9,119.8,0.15,1,37437.9,31822.2,0.0,2.8,47.1,0,17794.0,0,0,15.09,36480.8,0,0,0,2,1.0,6.0,7.06,17.91,28.77,0.0535,0.911,7.12
NER-G250M-175_12028_20260908,NER-G250M-175_12028,2026-09-08,2026,9,7,702,27.11197,88.400004,986.0,34.78,45.3,59.85,296.3,9.9,30.0,50.1,270.6,1566.7,23.2,27.7,20.7,7.0,90.0,0.8273,0.7844,-0.7517,0.6601,0.9441,4.95,37.7,20.5,49.0,30.5,119.9,0.14,1,28906.7,24570.7,0.0,2.8,47.1,0,61576.4,0,1,4.66,13831.4,0,0,0,3,1.0,6.0,7.06,17.83,29.21,0.0535,1.03,5.18
NER-G250M-175_12071_20260908,NER-G250M-175_12071,2026-09-08,2026,9,7,705,27.208421,88.396042,2029.0,25.26,43.9,44.62,222.0,12.5,58.9,167.7,625.7,2068.2,16.2,20.9,14.0,6.9,92.0,0.8297,0.7818,-0.7504,0.6612,0.9499,4.98,36.3,20.8,48.8,30.4,119.9,0.14,1,22788.6,19370.3,0.0,2.8,47.1,0,51144.7,0,0,5.24,14058.3,0,0,0,2,1.0,6.0,7.06,17.72,29.14,0.0535,1.452,2.28
NER-G250M-175_12114_20260908,NER-G250M-175_12114,2026-09-08,2026,9,7,703,27.304869,88.39206,2175.0,32.95,42.2,56.92,282.0,12.5,38.0,92.0,340.0,1120.0,24.5,28.5,20.5,8.0,84.0,0.8382,0.7531,-0.7569,0.6678,0.9706,5.04,35.0,21.4,48.4,30.2,120.0,0.15,1,20801.0,17680.8,0.0,2.8,47.1,0,40858.7,0,0,11.1,20126.1,0,0,0,2,1.0,6.0,7.06,17.74,28.99,0.0535,1.084,4.49
NER-G250M-175_12157_20260908,NER-G250M-175_12157,2026-09-08,2026,9,7,701,27.401316,88.388058,2717.0,38.33,40.0,65.53,324.0,12.5,38.0,92.0,340.0,1120.0,24.5,28.5,20.5,8.0,84.0,0.8491,0.7145,-0.7675,0.6768,0.9976,5.11,34.2,22.1,48.0,29.9,120.0,0.15,1,23993.1,20394.1,0.0,2.8,47.1,0,30863.8,0,0,11.23,23563.7,0,0,0,2,1.0,6.0,7.06,17.86,28.82,0.0535,0.914,7.06
NER-G250M-175_12200_20260908,NER-G250M-175_12200,2026-09-08,2026,9,7,704,27.497761,88.384036,3484.0,35.99,37.5,61.78,305.7,12.5,38.0,92.0,340.0,1120.0,24.5,28.5,20.5,8.0,84.0,0.8581,0.6906,-0.7754,0.6827,1.0,5.17,34.0,22.7,47.5,29.8,120.0,0.15,1,30794.0,26174.9,0.0,2.8,47.1,0,21568.9,0,0,6.19,29280.7,0,0,0,2,1.0,6.0,7.06,18.05,28.66,0.0535,0.979,5.93
NER-G250M-210_12028_20260908,NER-G250M-210_12028,2026-09-08,2026,9,7,703,27.114876,88.489409,599.0,29.22,46.6,50.95,252.9,6.5,27.2,63.5,360.3,1687.0,24.6,28.7,22.0,6.7,91.0,0.8303,0.7721,-0.7527,0.6616,0.9513,4.97,37.7,20.7,48.9,30.4,119.3,0.14,1,23335.7,19835.3,0.0,2.8,47.1,0,64042.0,0,1,2.36,7342.7,0,0,0,3,1.0,6.0,7.06,17.9,29.16,0.0535,1.246,2.96
NER-G250M-210_12071_20260908,NER-G250M-210_12071,2026-09-08,2026,9,7,706,27.211338,88.485523,428.0,29.43,45.2,51.29,254.6,15.4,26.2,58.5,344.4,1661.8,27.5,32.4,24.8,7.6,90.0,0.8349,0.7657,-0.7527,0.6633,0.9626,5.01,36.2,21.1,48.6,30.3,119.4,0.14,1,15096.5,12832.0,0.0,2.8,47.1,0,54088.6,0,1,0.63,6390.3,0,0,0,3,1.0,6.0,7.06,17.82,29.06,0.0535,1.231,3.07
NER-G250M-210_12114_20260908,NER-G250M-210_12114,2026-09-08,2026,9,7,704,27.307799,88.481618,1459.0,37.15,43.4,63.64,314.8,29.6,110.9,195.9,582.8,2497.6,21.0,26.1,18.5,7.6,90.0,0.8416,0.7404,-0.7614,0.6697,0.9791,5.08,35.0,21.8,48.1,30.1,119.4,0.15,1,11869.8,10089.3,0.0,2.8,47.1,0,44489.1,0,0,8.56,12386.5,0,0,0,2,1.0,6.0,7.06,17.88,28.89,0.0535,0.948,6.45
NER-G250M-210_12157_20260908,NER-G250M-210_12157,2026-09-08,2026,9,7,702,27.404257,88.477693,2244.0,37.78,41.3,64.65,319.7,2.1,42.0,109.3,400.3,1540.9,16.9,21.2,14.6,6.6,89.0,0.8462,0.7173,-0.7654,0.6755,0.9904,5.15,34.2,22.5,47.7,29.8,119.4,0.15,1,16837.9,14312.2,0.0,2.8,47.1,0,35531.7,0,0,8.66,15588.2,0,0,0,2,1.0,6.0,7.06,18.0,28.72,0.0535,0.928,6.8
NER-G250M-1308_10298_20260908,NER-G250M-1308_10298,2026-09-08,2026,9,8,801,23.272271,91.309056,12.0,14.42,224.4,27.27,137.5,9.2,43.9,97.7,310.1,1203.1,27.7,31.7,25.0,6.7,91.0,0.8434,0.734,-0.762,0.6691,0.9835,6.3,25.6,29.0,37.3,33.7,135.6,0.2,1,26864.1,22834.5,0.0,2.8,73.6,0,119959.3,0,0,49.91,33326.1,0,0,0,0,1.0,6.0,7.06,18.99,26.51,0.0535,2.426,2.28
NER-G250M-1308_10364_20260908,NER-G250M-1308_10364,2026-09-08,2026,9,8,808,23.420446,91.307178,40.0,21.88,225.3,39.21,195.7,10.8,47.4,112.3,318.6,1117.4,27.5,32.0,24.8,7.2,91.0,0.8534,0.7026,-0.7695,0.6797,1.0,6.35,27.4,29.5,37.0,33.5,135.6,0.2,1,12811.6,10889.9,0.0,2.8,73.6,0,114951.2,0,0,61.0,21131.8,0,0,0,0,1.0,6.0,7.06,19.43,26.39,0.0535,1.584,2.28
NER-G250M-1352_10233_20260908,NER-G250M-1352_10233,2026-09-08,2026,9,8,803,23.125227,91.420231,9.0,21.41,223.6,38.46,192.0,2.7,23.1,77.0,281.7,1146.8,28.2,31.5,25.3,6.2,86.0,0.8402,0.748,-0.7579,0.6678,0.9755,6.25,23.3,28.5,37.7,33.8,136.8,0.19,1,41649.0,35401.7,0.0,2.8,73.6,0,117420.0,0,0,32.19,33042.9,0,0,0,0,1.0,6.0,7.06,18.47,26.64,0.0535,1.612,2.28
NER-G250M-1352_10298_20260908,NER-G250M-1352_10298,2026-09-08,2026,9,8,802,23.273412,91.418488,19.0,14.53,225.2,27.45,138.3,2.9,39.3,104.2,317.1,1270.1,27.8,31.9,24.8,7.1,90.0,0.8491,0.7145,-0.7675,0.6768,0.9976,6.33,25.6,29.3,37.1,33.6,136.7,0.2,1,25219.1,21436.2,0.0,2.8,73.6,0,109850.3,0,0,41.53,29137.9,0,0,0,0,1.0,6.0,7.06,19.09,26.44,0.0535,2.405,2.28
NER-G250M-1352_10364_20260908,NER-G250M-1352_10364,2026-09-08,2026,9,8,801,23.421595,91.416731,47.0,21.86,226.1,39.18,195.5,5.2,31.3,95.9,289.2,1120.3,27.6,31.9,24.9,7.0,91.0,0.8471,0.7211,-0.7633,0.6742,0.9928,6.35,27.4,29.5,37.0,33.5,136.7,0.2,1,8862.3,7533.0,0.0,2.8,73.6,0,104346.5,0,0,54.35,13594.9,0,0,0,0,1.0,6.0,7.06,19.43,26.39,0.0535,1.586,2.28
NER-G250M-1397_10233_20260908,NER-G250M-1397_10233,2026-09-08,2026,9,8,804,23.126284,91.529549,26.0,21.37,224.8,38.39,191.7,2.9,26.5,87.4,293.7,1185.3,28.0,31.5,25.2,6.3,88.0,0.8553,0.6947,-0.7736,0.6819,1.0,6.29,23.3,28.9,37.4,33.7,137.0,0.2,1,43458.3,36939.6,0.0,2.8,73.6,0,108197.3,0,0,22.56,23647.6,0,0,0,0,1.0,6.0,7.06,18.61,26.54,0.0535,1.613,2.28
NER-G250M-1397_10298_20260908,NER-G250M-1397_10298,2026-09-08,2026,9,8,803,23.274477,91.527926,39.0,14.64,226.4,27.62,139.2,4.8,36.3,93.3,307.3,1219.8,27.7,32.0,25.0,7.0,90.0,0.8624,0.6758,-0.7768,0.6881,1.0,6.35,25.6,29.5,37.0,33.5,137.0,0.2,1,28112.4,23895.5,0.0,2.8,73.6,0,99920.6,0,0,34.6,28765.1,0,0,0,0,1.0,6.0,7.06,19.16,26.39,0.0535,2.385,2.28
NER-G250M-1397_10364_20260908,NER-G250M-1397_10364,2026-09-08,2026,9,8,802,23.422667,91.526291,55.0,21.84,227.3,39.14,195.4,11.0,32.4,82.6,277.1,1113.1,27.6,32.0,24.8,7.2,91.0,0.8494,0.7158,-0.768,0.6774,0.9984,6.33,27.4,29.3,37.2,33.5,137.0,0.2,1,15270.2,12979.7,0.0,2.8,73.6,0,93824.6,0,0,49.25,12781.7,0,0,0,0,1.0,6.0,7.06,19.36,26.45,0.0535,1.589,2.28
NER-G250M-1397_10429_20260908,NER-G250M-1397_10429,2026-09-08,2026,9,8,801,23.570855,91.524642,34.0,12.89,227.6,24.82,125.5,5.4,27.5,80.0,276.1,1100.2,27.4,32.1,24.5,7.6,91.0,0.8306,0.7733,-0.7531,0.6622,0.952,6.24,28.0,28.4,37.7,33.9,137.0,0.19,1,14738.1,12527.4,0.0,2.8,73.6,0,90351.7,0,0,43.32,6363.5,0,0,0,0,1.0,6.0,7.06,19.14,26.66,0.0535,2.737,2.28
NER-G250M-1397_10495_20260908,NER-G250M-1397_10495,2026-09-08,2026,9,8,808,23.719039,91.522979,103.0,22.0,227.2,39.4,196.6,4.5,23.7,68.7,260.1,1010.7,27.4,31.8,24.4,7.4,91.0,0.8318,0.778,-0.7517,0.6617,0.955,6.13,27.2,27.3,38.4,34.3,137.0,0.19,1,24040.7,20434.6,0.0,2.8,73.6,0,89806.7,0,0,30.96,21419.0,0,0,0,0,1.0,6.0,7.06,18.63,26.93,0.0535,1.585,2.28
NER-G250M-1397_10561_20260908,NER-G250M-1397_10561,2026-09-08,2026,9,8,806,23.867221,91.521303,120.0,12.89,226.2,24.82,125.5,12.5,25.5,68.6,285.3,982.1,27.4,31.9,24.7,7.2,91.0,0.8424,0.7303,-0.764,0.6703,0.9812,6.06,25.4,26.6,38.9,34.5,137.0,0.18,1,23354.3,19851.2,0.0,2.8,73.6,0,92241.2,0,0,24.11,24481.4,0,0,0,0,1.0,6.0,7.06,18.12,27.1,0.0535,2.742,2.28
NER-G250M-1397_10626_20260908,NER-G250M-1397_10626,2026-09-08,2026,9,8,805,24.0154,91.519613,79.0,21.84,224.5,39.14,195.4,17.6,28.9,82.6,312.9,984.5,27.2,31.4,24.8,6.6,93.0,0.8538,0.7039,-0.77,0.6803,1.0,6.06,23.0,26.6,38.9,34.5,137.0,0.18,1,32464.7,27595.0,0.0,2.8,73.6,0,97432.0,0,0,9.81,31585.7,0,0,0,0,1.0,6.0,7.06,17.76,27.1,0.0535,1.587,2.28
NER-G250M-1397_10692_20260908,NER-G250M-1397_10692,2026-09-08,2026,9,8,804,24.163575,91.51791,22.0,14.64,222.0,27.62,139.2,5.5,20.0,79.3,346.6,1033.1,27.8,32.1,25.1,7.0,90.0,0.8452,0.7276,-0.7626,0.6716,0.9881,6.13,21.0,27.3,38.5,34.2,137.0,0.19,1,45864.2,38984.6,0.0,2.8,73.6,0,104970.8,0,0,9.7,44011.3,0,0,0,0,1.0,6.0,7.06,17.7,26.94,0.0535,2.383,2.28
NER-G250M-1397_10758_20260908,NER-G250M-1397_10758,2026-09-08,2026,9,8,803,24.311748,91.516193,11.0,21.37,218.6,38.39,191.7,15.8,37.4,94.1,354.1,1117.5,27.8,32.0,24.7,7.3,90.0,0.8392,0.7443,-0.7598,0.669,0.9732,6.24,20.0,28.4,37.7,33.9,137.0,0.19,1,60779.0,51662.2,0.0,2.8,73.6,0,114394.3,0,0,25.16,58458.0,0,0,0,0,1.0,6.0,7.06,17.94,26.66,0.0535,1.604,2.28
NER-G250M-1442_10167_20260908,NER-G250M-1442_10167,2026-09-08,2026,9,8,807,22.979062,91.640362,35.0,16.39,224.1,30.42,152.8,3.2,17.9,76.4,260.7,1164.1,28.2,31.2,25.7,5.5,85.0,0.8507,0.7067,-0.7678,0.6789,1.0,6.24,21.2,28.4,37.7,33.9,136.2,0.19,1,62620.8,53227.7,0.0,2.8,73.6,0,110144.6,0,0,8.61,8296.0,0,0,0,0,1.0,6.0,7.06,18.12,26.66,0.0535,2.115,2.28
NER-G250M-1442_10233_20260908,NER-G250M-1442_10233,2026-09-08,2026,9,8,806,23.127265,91.638873,31.0,21.34,226.5,38.34,191.5,8.1,40.7,95.8,297.0,1286.8,27.6,31.5,25.0,6.5,91.0,0.8702,0.6565,-0.7844,0.695,1.0,6.33,23.3,29.3,37.2,33.5,136.2,0.2,1,47774.2,40608.1,0.0,2.8,73.6,0,99327.0,0,0,14.85,16290.2,0,0,0,0,1.0,6.0,7.06,18.75,26.45,0.0535,1.614,2.28
NER-G250M-1442_10298_20260908,NER-G250M-1442_10298,2026-09-08,2026,9,8,804,23.275466,91.637371,76.0,14.73,228.0,27.77,139.9,7.4,31.9,81.9,299.5,1213.5,27.6,31.7,24.9,6.8,91.0,0.8759,0.6439,-0.7872,0.6989,1.0,6.35,25.6,29.5,37.0,33.5,136.3,0.2,1,34418.3,29255.6,0.0,2.8,73.6,0,90229.6,0,0,30.14,31673.5,0,0,0,0,1.0,6.0,7.06,19.16,26.39,0.0535,2.37,2.28
NER-G250M-1442_10364_20260908,NER-G250M-1442_10364,2026-09-08,2026,9,8,803,23.423663,91.635857,95.0,21.82,228.9,39.11,195.2,14.5,35.8,83.7,278.9,1123.0,27.4,32.0,24.6,7.4,91.0,0.8522,0.6975,-0.7713,0.6805,1.0,6.29,27.4,28.9,37.4,33.7,136.3,0.2,1,25061.6,21302.4,0.0,2.8,73.6,0,83417.0,0,0,46.23,19550.8,0,0,0,0,1.0,6.0,7.06,19.22,26.54,0.0535,1.592,2.28
NER-G250M-1442_10429_20260908,NER-G250M-1442_10429,2026-09-08,2026,9,8,802,23.571858,91.634331,37.0,12.99,229.2,24.98,126.3,5.6,31.5,78.8,276.9,1147.8,27.3,32.1,24.4,7.7,91.0,0.8372,0.7495,-0.7588,0.6661,0.9683,6.19,28.0,27.9,38.1,34.0,136.3,0.19,1,24753.4,21040.4,0.0,2.8,73.6,0,79478.6,0,0,38.38,16117.3,0,0,0,0,1.0,6.0,7.06,18.96,26.79,0.0535,2.721,2.28
NER-G250M-1442_10495_20260908,NER-G250M-1442_10495,2026-09-08,2026,9,8,801,23.720049,91.632792,82.0,22.0,228.8,39.4,196.6,3.0,25.1,68.4,264.4,1028.8,27.4,31.5,24.5,7.0,90.0,0.8389,0.7431,-0.7594,0.6684,0.9724,6.09,27.2,26.9,38.7,34.4,136.3,0.18,1,33742.0,28680.7,0.0,2.8,73.6,0,78846.2,0,0,23.54,26047.5,0,0,0,0,1.0,6.0,7.06,18.49,27.03,0.0535,1.587,2.28
NER-G250M-1442_10561_20260908,NER-G250M-1442_10561,2026-09-08,2026,9,8,808,23.868238,91.63124,46.0,12.79,227.8,24.66,124.8,10.5,27.9,77.8,288.6,998.1,27.4,31.7,24.7,7.0,90.0,0.8484,0.712,-0.7666,0.6756,0.9961,6.05,25.4,26.5,39.0,34.5,136.3,0.18,1,33979.0,28882.1,0.0,2.8,73.6,0,81596.6,0,0,13.3,35379.5,0,0,0,0,1.0,6.0,7.06,18.08,27.13,0.0535,2.765,2.28
NER-G250M-1442_10626_20260908,NER-G250M-1442_10626,2026-09-08,2026,9,8,806,24.016423,91.629676,49.0,21.86,226.1,39.18,195.5,14.2,28.7,79.4,280.7,947.1,27.3,31.3,24.8,6.5,92.0,0.8443,0.7238,-0.7647,0.6729,0.9857,6.09,23.0,26.9,38.8,34.3,136.3,0.18,1,40791.7,34672.9,0.0,2.8,73.6,0,87410.6,0,0,18.25,40631.7,0,0,0,0,1.0,6.0,7.06,17.86,27.04,0.0535,1.585,2.28
NER-G250M-1442_10692_20260908,NER-G250M-1442_10692,2026-09-08,2026,9,8,805,24.164606,91.628099,45.0,14.54,223.5,27.46,138.4,14.5,30.1,79.9,356.8,1058.8,27.6,32.0,25.0,7.0,91.0,0.8324,0.7683,-0.754,0.6622,0.9565,6.18,21.0,27.8,38.1,34.1,136.3,0.19,1,52100.0,44285.0,0.0,2.8,73.6,0,95731.8,0,0,18.2,50903.9,0,0,0,0,1.0,6.0,7.06,17.88,26.81,0.0535,2.395,2.28
NER-G250M-1442_10758_20260908,NER-G250M-1442_10758,2026-09-08,2026,9,8,804,24.312786,91.626509,37.0,21.41,220.1,38.46,192.0,12.5,30.3,80.7,358.2,1107.7,27.7,32.1,24.7,7.4,91.0,0.8309,0.7745,-0.7535,0.6628,0.9528,6.29,20.0,28.9,37.4,33.7,136.4,0.2,1,65619.2,55776.3,0.0,2.8,73.6,0,105970.9,0,0,29.5,52368.3,0,0,0,0,1.0,6.0,7.06,18.11,26.54,0.0535,1.599,2.28
NER-G250M-1487_10233_20260908,NER-G250M-1487_10233,2026-09-08,2026,9,8,807,23.128171,91.748203,87.0,21.31,228.6,38.3,191.2,12.6,39.3,100.1,313.1,1204.7,27.5,31.4,25.0,6.4,90.0,0.8696,0.6538,-0.7834,0.6937,1.0,6.35,23.3,29.5,37.0,33.5,134.7,0.2,1,53999.2,45899.3,0.0,2.8,73.6,0,90912.3,0,0,13.07,14503.8,0,0,0,0,1.0,6.0,7.06,18.82,26.39,0.0535,1.615,2.28
NER-G250M-1487_10298_20260908,NER-G250M-1487_10298,2026-09-08,2026,9,8,806,23.276378,91.746822,83.0,14.82,230.1,27.91,140.6,17.3,37.9,94.6,310.9,1221.4,27.1,31.3,24.5,6.8,92.0,0.8722,0.6469,-0.7887,0.6971,1.0,6.33,25.7,29.3,37.1,33.6,134.7,0.2,1,42649.6,36252.2,0.0,2.8,73.6,0,80863.5,0,0,29.31,30795.0,0,0,0,0,1.0,6.0,7.06,19.11,26.44,0.0535,2.357,2.28
NER-G250M-1487_10364_20260908,NER-G250M-1487_10364,2026-09-08,2026,9,8,804,23.424582,91.745429,60.0,21.81,231.0,39.1,195.1,16.4,39.1,87.5,286.0,1134.4,27.2,31.8,24.5,7.3,92.0,0.8553,0.6947,-0.7736,0.6819,1.0,6.25,27.4,28.5,37.7,33.8,134.8,0.19,1,35542.8,30211.4,0.0,2.8,73.6,0,73172.8,0,0,45.69,29007.7,0,0,0,0,1.0,6.0,7.06,19.09,26.64,0.0535,1.595,2.28
