event_id,state_code,latitude,longitude,event_date,landslide_category,landslide_trigger,landslide_size,fatality_count,injury_count,admin_division_name,location_description
9619,7,27.1695,88.3664,2016-10-15 00:00:00,landslide,rain,medium,0,0,Sikkim,Namchi
9617,2,26.888,88.2796,2016-10-15 00:00:00,landslide,unknown,medium,0,0,West Bengal,Zero near Kurseong
9618,2,26.9343,88.4486,2016-10-15 00:00:00,rock_fall,downpour,small,0,0,West Bengal,Kalijhora
9620,7,27.172,88.5292,2016-10-15 00:00:00,landslide,downpour,medium,0,0,Sikkim,Rangpo
9604,7,27.2676,88.2891,2016-10-12 00:00:00,landslide,continuous_rain,medium,0,0,Sikkim,Legship
9603,2,26.8861,88.1704,2016-10-12 00:00:00,landslide,downpour,medium,0,0,West Bengal,Mirik
9587,2,26.8692,88.4695,2016-10-12 00:00:00,landslide,downpour,medium,0,0,West Bengal,between Siliguri and Sevak
9464,1,27.5754,91.9754,2016-08-05 00:00:00,landslide,downpour,medium,0,3,Arunachal Pradesh,Babrang village under Jang circle in Tawang district
9232,5,23.5397,93.3783,2016-07-28 23:00:00,landslide,continuous_rain,medium,2,6,Mizoram,"Ngur, near Mizoram-Myanmar border, India"
9251,6,25.8702,94.7844,2016-07-28 23:00:00,landslide,downpour,medium,0,0,Nagaland,"Government Middle School (GMS) Kiphire station âBâ, Kiphire, Nagaland, India"
9252,1,27.5748,91.8644,2016-07-28 00:00:00,landslide,monsoon,medium,0,0,Arunachal Pradesh,"Dolma Lhakang complex, Lumla, Tawang,  Arunachal Pradesh, India"
9219,6,26.0101,94.5282,2016-07-26 23:00:00,landslide,downpour,medium,0,0,Nagaland,"Zunheboto, Nagaland, India"
9220,7,27.1027,88.1218,2016-07-26 23:00:00,landslide,downpour,unknown,0,0,West Bengal,"Finchaytaar, Lodhoma, Darjeeling, India"
9186,3,25.48,94.1383,2016-07-25 12:30:00,landslide,continuous_rain,medium,0,1,Manipur,"Imphal-Dimapur road  in Tadubi, Senapati district, Manipur, India"
9138,2,26.9015,88.4719,2016-07-21 09:00:00,landslide,rain,medium,0,0,West Bengal,"NH 10 between Coronation Bridge and Sevoke Kalibari, West Bengal, India"
9122,2,26.1966,91.802,2016-07-20 00:00:00,landslide,rain,medium,0,0,Assam,"Noonmati, Guwahati, Assam, India"
9074,7,27.1176,88.1069,2016-07-20 00:00:00,landslide,downpour,large,3,0,West Bengal,"Rimbik, Darjeeling, West Bengal state, India"
9051,4,26.09748244,91.8744337,2016-07-19 09:00:00,landslide,unknown,medium,0,1,Meghalaya,"12th Mile area at Jorabat, Meghalaya, India"
9124,4,25.203,90.5573,2016-07-19 00:00:00,translational_slide,continuous_rain,large,0,0,Meghalaya,"Rongthragittim Songittal village, near Sibbari, South Garo Hills District, Meghalaya, India"
9087,1,28.235,94.9612,2016-07-19 00:00:00,landslide,downpour,medium,0,0,Arunachal Pradesh,"5 km off Sangam point on Aalo- Pangin road, Arunachal Pradesh, India"
9010,1,27.3034,93.804,2016-07-16 00:00:00,mudslide,downpour,medium,1,0,Arunachal Pradesh,"Hoj-Potin Highway, Arunachal Pradesh, India"
8995,2,26.1963,91.8074,2016-07-14 00:00:00,landslide,monsoon,small,1,0,Assam,"Noonmati Nijarapar area of the city, Guwahati, Assam, India"
8996,2,26.1768,91.7702,2016-07-14 00:00:00,landslide,monsoon,small,1,0,Assam,"Pub Sarania hill, South Sarania, Guwahati, Assam, India"
8930,6,26.1699,94.4922,2016-07-11 23:00:00,landslide,unknown,large,0,0,Nagaland,"North Point Colony, Akuluto, Nagaland, India"
8901,6,25.7902,94.1318,2016-07-10 00:00:00,landslide,downpour,medium,0,0,Nagaland,"National Highway 2, near Kohima, Nagaland, India"
8684,2,25.9611,91.3681,2016-07-07 00:00:00,landslide,continuous_rain,medium,2,2,Assam,"Kamrup district, Assam, India"
8900,3,25.0118,94.3136,2016-07-07 00:00:00,landslide,monsoon,large,0,0,Manipur,"Imphal-Ukhrul sector of National Highway 102, Manipur, India"
8237,1,27.0136,92.6351,2016-07-01 00:00:00,landslide,downpour,large,5,3,Arunachal Pradesh,"Old Inspection Bungalow, Bhalukpong town, West Kameng, Arunachal Pradesh, India"
8222,2,26.1961,91.7825,2016-06-22 12:00:00,mudslide,downpour,medium,1,0,Assam,"Piyali Phukan Nagar, Guwahati, India"
9142,6,26.3185,94.5247,2016-06-14 08:00:00,landslide,continuous_rain,medium,0,0,Nagaland,"lower Majakong Ward, Mokokchung, Nagaland, India"
9168,1,27.6438,93.871,2016-06-12 23:00:00,landslide,downpour,medium,0,0,Arunachal Pradesh,"NH 13 10 kilometers from Old Ziro, Arunachal Pradesh, India"
9169,6,26.1677,94.2442,2016-06-12 00:00:00,landslide,continuous_rain,unknown,0,0,Nagaland,"on road between Mon and Tobu near Telangsao Hydro project , Nagaland, India"
9338,2,24.4638,92.4943,2016-05-18 08:00:00,landslide,continuous_rain,medium,5,0,Assam,"Sonachirra, Karimganj district, Assam, India"
9335,2,24.5202,92.7239,2016-05-18 08:00:00,landslide,continuous_rain,unknown,2,0,Assam,"Bilaipur, Hailakandi district, Assam, India"
9334,2,24.5204,92.7264,2016-05-18 08:00:00,landslide,continuous_rain,unknown,2,0,Assam,"Bilaipur, Hailakandi district, Assam, India"
9336,2,24.5308,92.5121,2016-05-18 08:00:00,landslide,continuous_rain,small,1,0,Assam,"Ramchandi , Hailakandi District, Assam, India"
9404,1,28.0822,96.5316,2016-05-01 00:00:00,landslide,downpour,medium,0,0,Arunachal Pradesh,"Hayuliang, Anjaw district,Arunachal Pradesh, India"
7655,1,27.5799,91.8569,2016-04-22 02:30:00,landslide,continuous_rain,medium,17,0,Arunachal Pradesh,"Tawang, Arunachal Pradesh"
9405,6,26.7223,95.0243,2016-04-19 00:00:00,landslide,continuous_rain,medium,0,0,Nagaland,"Techahan Ward, Mon, Nagaland, India"
9215,7,27.1758,88.5294,2016-01-14 05:15:00,rock_fall,unknown,medium,1,5,West Bengal,NH10 in Rangpo
8366,4,25.583,91.893,2015-09-23 15:00:00,landslide,downpour,medium,2,1,Meghalaya,"Shillong, Meghalaya, India"
8339,2,26.1666,91.7042,2015-09-23 00:00:00,landslide,continuous_rain,medium,0,0,Assam,Kamakhya Temple
8223,5,23.7348,92.7187,2015-09-14 03:10:00,landslide,downpour,large,0,0,Mizoram,"Aizawl, Mizoram, India"
8224,5,23.7313,92.7187,2015-09-14 01:30:00,landslide,downpour,medium,0,0,Mizoram,"Aizawl, Mizoram, India"
8012,4,25.9703,91.8584,2015-09-06 15:00:00,landslide,unknown,medium,0,0,Meghalaya,"Umling, Meghalaya 793102, India"
7956,4,26.048,91.8695,2015-09-05 00:00:00,landslide,unknown,medium,0,0,Meghalaya,Byrnihat
7923,2,26.49349035,91.72137514,2015-09-01 00:00:00,landslide,rain,medium,2,0,Assam,Amingaon
7933,2,26.1868,91.6739,2015-09-01 00:00:00,rock_fall,rain,medium,2,0,Assam,Maligaon
7972,5,23.4495,92.8112,2015-08-28 01:45:00,landslide,downpour,large,0,0,Mizoram,"Mizoram, India"
7837,5,23.7269,92.7265,2015-08-27 00:00:00,landslide,downpour,medium,0,0,Mizoram,three graveyards within Aizawl
7836,5,24.042,92.6724,2015-08-27 00:00:00,landslide,downpour,medium,0,0,Mizoram,"National Highway 54, at Kawnpui town"
7778,5,23.8447,93.0514,2015-08-26 00:00:00,mudslide,continuous_rain,medium,0,0,Mizoram,Phullenâs main road
7780,5,23.3572,92.7878,2015-08-26 00:00:00,landslide,continuous_rain,medium,1,0,Mizoram,Sailam village
7728,2,26.1028,91.8806,2015-08-22 09:00:00,landslide,continuous_rain,medium,0,0,Assam,Natonal Highway in Jorabat area
7727,6,25.6263,94.1057,2015-08-20 18:00:00,landslide,continuous_rain,medium,0,0,Nagaland,between Phesama and Kuima in Nagaland
7701,6,25.6278,94.1051,2015-08-19 15:00:00,landslide,continuous_rain,medium,0,0,Nagaland,Phesama
7336,4,25.2193,90.5549,2015-08-19 09:00:00,landslide,continuous_rain,medium,0,0,Meghalaya,NH-62 at Sibbari
7589,4,25.2568,92.3825,2015-08-19 00:00:00,landslide,rain,medium,0,0,Meghalaya,National Highway 44
7590,4,25.1416,92.3807,2015-08-19 00:00:00,landslide,rain,small,0,0,Meghalaya,Tongseng
7706,4,25.0728,92.3636,2015-08-19 00:00:00,landslide,rain,medium,0,0,Meghalaya,National Highway at Kuliang
7699,6,26.0214,94.5224,2015-08-19 00:00:00,landslide,continuous_rain,medium,0,0,Nagaland,Zunheboto district
7335,4,25.5145,90.2023,2015-08-18 09:00:00,landslide,continuous_rain,medium,0,0,Meghalaya,Tura Civil Hospital
7334,1,28.1737,94.7596,2015-08-18 00:00:00,landslide,unknown,medium,1,0,Arunachal Pradesh,Arunachal Pradesh
7887,1,27.8835,96.9262,2015-08-16 00:00:00,landslide,continuous_rain,medium,0,0,Arunachal Pradesh,Hawai
7660,6,25.6237,94.1136,2015-08-12 00:00:00,mudslide,continuous_rain,medium,0,0,Nagaland,Phesama village
7666,3,25.1019,93.3729,2015-08-11 00:00:00,landslide,continuous_rain,medium,0,0,Manipur,Tousem
7665,3,24.7016,93.5291,2015-08-11 00:00:00,landslide,continuous_rain,medium,0,0,Manipur,Khoupum
7664,3,24.7459,93.4251,2015-08-11 00:00:00,landslide,continuous_rain,medium,0,0,Manipur,Nungba
7409,6,25.72,94.6219,2015-08-02 00:00:00,landslide,continuous_rain,medium,0,0,Nagaland,Meluri Sub-Division in Phek District of Nagaland
7370,3,24.1419,94.1078,2015-08-01 00:00:00,landslide,continuous_rain,medium,0,0,Manipur,between Moltuk to New Songjang village
7910,3,24.3481,94.1146,2015-08-01 00:00:00,landslide,unknown,medium,0,0,Manipur,Chandel
7369,3,24.1988,94.1016,2015-08-01 00:00:00,landslide,continuous_rain,medium,0,0,Manipur,between Chalong and Paraolon
7385,3,24.004,93.9815,2015-08-01 00:00:00,landslide,continuous_rain,medium,0,0,Manipur,"Holenjang, Chandel district"
7383,3,23.899,94.1434,2015-08-01 00:00:00,landslide,rain,medium,0,0,Manipur,"Tuitung village, Khengjoi"
7384,3,23.9278,94.0906,2015-08-01 00:00:00,landslide,rain,medium,0,0,Manipur,"Wayang, Khengjoi"
7388,3,24.416,94.0984,2015-08-01 00:00:00,landslide,continuous_rain,medium,0,0,Manipur,Senam
7375,3,25.1941,94.4481,2015-08-01 00:00:00,landslide,continuous_rain,medium,0,0,Manipur,Ukhrul NH 201-Jessami road
7371,3,23.9939,94.0573,2015-08-01 00:00:00,landslide,continuous_rain,medium,0,0,Manipur,near S Lamphei Lamkhai and Sehlon village
7374,3,25.1122,94.3591,2015-08-01 00:00:00,landslide,continuous_rain,medium,0,0,Manipur,Ukhrul town Circular road from Rayotang to Viewland Zone II
7387,3,24.954,94.2156,2015-08-01 00:00:00,landslide,continuous_rain,small,0,0,Manipur,Imphal-Ukhrul road
7389,3,24.4072,94.0644,2015-08-01 00:00:00,landslide,continuous_rain,medium,0,0,Manipur,between Bongyang and Lokchao along the Imphal-Moreh highway
7373,3,24.9111,94.4759,2015-08-01 00:00:00,landslide,continuous_rain,medium,0,0,Manipur,between Maku village and Kamjong sub division
7390,3,24.4265,94.1913,2015-08-01 00:00:00,landslide,continuous_rain,medium,0,0,Manipur,between Tengnoupal-Sita junction and Tengnoupal Power Sub-Station
7372,3,25.0634,94.3415,2015-07-31 23:00:00,mudslide,continuous_rain,medium,0,0,Manipur,Naga Gate along the Ukhrul-Imphal route
7364,3,24.819,94.3551,2015-07-31 09:00:00,landslide,continuous_rain,medium,0,0,Manipur,Phungyar road
7276,2,26.1062,91.8717,2015-07-25 09:00:00,landslide,continuous_rain,medium,2,0,Assam,
7279,3,24.9818,93.5142,2015-07-24 00:00:00,mudslide,monsoon,medium,0,0,Manipur,Tamenglong Ward No-IV
7264,3,25.4538,93.9827,2015-07-22 00:00:00,landslide,continuous_rain,medium,0,0,Manipur,22 kms to 30 kms between Sangkungmai and Willong
7267,3,25.3908,94.0926,2015-07-22 00:00:00,landslide,continuous_rain,small,0,0,Manipur,NH-2 between Senapati and Mao
7263,3,25.4477,94.0489,2015-07-22 00:00:00,landslide,continuous_rain,medium,0,0,Manipur,"15 kms from Maram, National Highway-102/A (Maram Peren road)"
7265,3,25.5007,93.9854,2015-07-22 00:00:00,landslide,continuous_rain,medium,0,0,Manipur,Willong-Yangkhullen stretch
7266,3,25.5098,93.8794,2015-07-22 00:00:00,landslide,continuous_rain,medium,0,0,Manipur,Yangkhullen-Tamphung road till Nagaland border
7253,2,24.7979,92.9974,2015-07-22 00:00:00,landslide,continuous_rain,medium,5,0,Assam,Lakhipur
7214,1,27.36,93.0385,2015-07-15 08:00:00,landslide,monsoon,medium,3,0,Arunachal Pradesh,Type-IV Colony of Seppa in East Kameng
7139,2,26.8826,88.2806,2015-07-07 23:00:00,landslide,continuous_rain,medium,1,0,West Bengal,Kurseong
7138,7,27.0816,88.4397,2015-07-07 00:00:00,landslide,continuous_rain,small,0,0,Sikkim,"NH-10, Sepi Jhora, Kalimpong"
7076,2,26.9282,88.4553,2015-07-04 18:00:00,landslide,unknown,small,0,0,West Bengal,near Kalijhora
7038,2,26.8781,88.2807,2015-07-01 00:00:00,landslide,downpour,medium,0,0,West Bengal,"Khahare Khola, Kurseong"
7040,2,26.9978,88.167,2015-07-01 00:00:00,landslide,downpour,medium,1,0,West Bengal,Sukhiapokhari
7037,2,26.8811,88.2779,2015-07-01 00:00:00,landslide,downpour,medium,0,0,West Bengal,Kurseong
7036,2,26.8352,88.1881,2015-07-01 00:00:00,landslide,downpour,large,42,0,West Bengal,"Mahendra village, Thana Line, Tingling Garden village in Mirik"
7039,7,27.0678,88.456,2015-07-01 00:00:00,landslide,downpour,medium,0,0,West Bengal,8 mile in Kalimpong
7363,2,26.8843,88.1835,2015-06-30 23:00:00,landslide,downpour,medium,19,0,West Bengal,"Limbu Dhura, Tingling"
7035,2,25.4243,88.2746,2015-06-30 00:00:00,landslide,downpour,medium,3,0,West Bengal,Mahindra
7034,7,27.0875,88.6556,2015-06-30 00:00:00,landslide,downpour,medium,1,0,West Bengal,"Lava, Kalimpong"
7033,7,27.0161,88.2478,2015-06-29 00:00:00,landslide,downpour,medium,0,0,West Bengal,NH-55 at Merry Villa
7021,7,27.0076,88.251,2015-06-27 23:00:00,landslide,downpour,medium,1,0,West Bengal,"Old Monastery Road, Ghum"
6990,6,26.0319,94.5466,2015-06-24 00:00:00,landslide,continuous_rain,medium,0,0,Nagaland,"New Land (""""New Colony"""")"
6963,5,23.7131,92.7362,2015-06-19 00:00:00,landslide,rain,medium,0,0,Mizoram,"Muanna locality, Mizoram"
6945,3,25.16,93.686,2015-06-19 00:00:00,landslide,monsoon,medium,0,0,Manipur,"amei to Kangpokpi via Imphal road, 0.5 km from Tamei, Tamenglang District"
6965,7,27.0257,88.4301,2015-06-17 00:00:00,landslide,downpour,small,0,0,West Bengal,"National Highway 31A, Darjeeling Hills"
6964,7,27.0087,88.443,2015-06-17 00:00:00,landslide,downpour,small,0,0,West Bengal,"National Highway 31A, Darjeeling Hills"
6966,2,26.9974,88.4314,2015-06-17 00:00:00,landslide,downpour,small,0,0,West Bengal,"National Highway 31A, Darjeeling Hills"
6969,4,25.5114,90.215,2015-06-16 06:15:00,landslide,downpour,medium,4,0,Meghalaya,"Nakham Bazaar, Tura, Meghalaya"
6970,4,25.5084,90.2191,2015-06-16 00:00:00,rock_fall,downpour,small,1,0,Meghalaya,Akonggre
6967,7,27.0165,88.2476,2015-06-13 06:30:00,landslide,downpour,medium,0,0,West Bengal,"Darjeeling Heritage Railway, Darjeeling"
6968,2,25.463,92.2121,2015-06-13 00:00:00,landslide,continuous_rain,medium,4,2,Meghalaya,"Ratacherra village along the NH-44 connecting to Barak Valley in Assam and Tripura, Meghalaya, Mizoramon"
6971,1,27.0987,93.816,2015-06-09 00:00:00,landslide,continuous_rain,medium,2,2,Arunachal Pradesh,"Itanagar, Arunachal Pradesh"
7031,7,27.6163,88.6586,2015-05-24 00:00:00,landslide,unknown,medium,0,0,Sikkim,"Bop, Sikkim"
7591,2,25.0318,92.4584,2015-03-19 00:00:00,landslide,rain,small,0,0,Assam,Ratacherra
6786,2,24.6108,92.562,2015-02-19 23:00:00,landslide,mining,medium,2,1,Assam,
6775,2,26.1468,91.6469,2015-02-14 00:00:00,landslide,mining,small,1,2,Assam,Kailashpur hill
6293,4,25.5006,90.0896,2014-10-20 00:00:00,landslide,rain,medium,6,0,Meghalaya,South West Garo Hills
6214,4,25.9702,91.8587,2014-10-05 17:45:00,landslide,rain,medium,1,0,Meghalaya,Jorabat-Umiam route
6222,1,27.1249,93.7706,2014-10-01 11:00:00,landslide,unknown,small,5,0,Arunachal Pradesh,Karsingsa block point
6213,4,25.8143,90.5763,2014-09-24 00:00:00,landslide,continuous_rain,large,0,0,Meghalaya,Meghalaya
6290,4,25.5772,91.8666,2014-09-23 03:00:00,landslide,continuous_rain,small,8,1,Meghalaya,Mawbah under Mawprem area
6292,2,25.7238,89.9032,2014-09-23 00:00:00,landslide,continuous_rain,small,1,0,Assam,Hatsingimari
6285,2,26.159,91.8178,2014-09-22 00:00:00,landslide,rain,small,0,0,Assam,VIP Road
6282,2,26.1097,91.7747,2014-09-22 00:00:00,landslide,rain,small,1,0,Assam,Lalmati
6287,2,26.1295,91.7056,2014-09-22 00:00:00,landslide,rain,small,0,0,Assam,Dhirenpara
6284,2,26.1324,91.8342,2014-09-22 00:00:00,landslide,rain,small,0,1,Assam,Batahghuli
6286,2,26.1044,91.7082,2014-09-22 00:00:00,landslide,rain,small,0,0,Assam,Garchuk
6289,2,26.1001,91.6849,2014-09-22 00:00:00,landslide,rain,small,0,0,Assam,Pamohi
6288,2,26.1985,91.7998,2014-09-22 00:00:00,landslide,rain,small,0,0,Assam,Noonmati
6283,2,26.1314,91.7548,2014-09-22 00:00:00,landslide,rain,small,0,0,Assam,Dakhingaon
6291,4,25.7354,90.3852,2014-09-21 00:00:00,landslide,continuous_rain,large,0,0,Meghalaya,National Highway 51
6331,6,25.9466,94.6279,2014-09-08 00:00:00,mudslide,unknown,medium,0,0,Nagaland,Kiphire-Seyochung road near Yangzitong village
6200,1,27.0869,93.6086,2014-08-17 00:00:00,landslide,downpour,large,0,0,Arunachal Pradesh,Arunachal Pradesh/Itanagar
6513,8,23.0137,91.7174,2014-08-14 23:00:00,mudslide,downpour,medium,3,0,Tripura,Sabroom
6146,7,27.059,88.4694,2014-07-15 00:00:00,landslide,rain,small,0,0,West Bengal,"Kalimpong, West Bengal"
6143,5,23.7327,92.7463,2014-07-14 18:00:00,landslide,downpour,medium,1,2,Mizoram,"Zembabawk, Aizawl"
6112,2,26.1964,91.7652,2014-06-28 09:00:00,landslide,rain,medium,0,0,Assam,"Kharghuli Hills, Assam"
6110,2,26.1619,91.7697,2014-06-27 00:00:00,landslide,rain,small,3,0,Assam,"Bhangagarh, Assam"
6106,2,26.1407,91.7645,2014-06-26 23:00:00,landslide,continuous_rain,small,3,0,Assam,Narakasur
6107,2,26.1844,91.7896,2014-06-26 23:00:00,landslide,continuous_rain,small,1,0,Assam,Bamunimaidam
6105,1,28.9205,95.3429,2014-06-26 23:00:00,landslide,continuous_rain,medium,0,0,Arunachal Pradesh,Arunachal Pradesh
6016,2,24.8669,92.3576,2014-05-09 23:00:00,landslide,rain,small,7,0,Assam,"Satgarakul Village, Karimganj, Assam State"
6015,1,27.9032,96.174,2014-05-08 00:00:00,mudslide,rain,medium,0,0,Arunachal Pradesh,Lohit District of Arunachal Pradesh
5603,3,25.426,94.6024,2013-10-13 19:30:00,mudslide,downpour,medium,0,0,Manipur,"Tusom, Manipur"
5582,2,26.1309,91.8383,2013-10-06 12:45:00,landslide,downpour,medium,1,0,Assam,"Batahguli, Guwahati, Assam"
5584,2,26.1665,91.7049,2013-10-06 00:00:00,landslide,downpour,medium,0,0,Assam,"Nilachal Hill, Guwahati, Assam"
5575,6,25.8266,94.1497,2013-10-05 23:00:00,mudslide,continuous_rain,medium,0,0,NÄgÄland,"Chiechama, Nagaland"
5552,3,25.0985,94.3619,2013-09-24 00:00:00,landslide,unknown,medium,0,0,Manipur,"Ukhrul, Manipur"
5533,7,27.0599,88.4674,2013-09-16 15:00:00,landslide,downpour,small,1,0,Bengal,"Kalimpong, West Bengal"
5485,7,27.6047,88.6463,2013-09-08 00:00:00,rock_fall,rain,medium,1,2,,"Chungthang, Sikkim"
5476,7,27.3736,88.7323,2013-09-07 15:00:00,landslide,rain,medium,0,0,Sikkim,14 Milestone Of J N Marg Near Kyangnosola (East Sikkim)
5442,1,27.1614,93.7525,2013-09-02 00:00:00,landslide,downpour,large,0,0,ArunÄchal Pradesh,Arunachal Pradesh
5441,1,28.611,94.9829,2013-09-02 00:00:00,landslide,downpour,large,0,0,ArunÄchal Pradesh,"Gosang Village Under Jengging Circle, Arunachal Pradesh"
5429,7,27.3425,88.2426,2013-09-01 18:00:00,landslide,downpour,medium,5,0,Sikkim,Tamabong Village In Sikkim State
5431,2,24.9829,93.5063,2013-09-01 00:00:00,mudslide,continuous_rain,medium,0,0,Assam,"Tamenglong, Manipur"
5430,3,24.9037,93.487,2013-09-01 00:00:00,mudslide,continuous_rain,medium,0,0,Manipur,"Tamenglong- Khongsang Road, Manipur"
5421,6,26.4205,94.9731,2013-08-30 00:00:00,mudslide,unknown,medium,0,0,NÄgÄland,"Yakshu, Nagaland"
5343,2,24.7625,93.4341,2013-08-17 23:00:00,landslide,continuous_rain,medium,0,0,Assam,The Imphal-Jiribam Section Of Nh-37 In Tamenglong District
5337,6,26.4205,94.9731,2013-08-16 00:00:00,landslide,rain,medium,0,0,NÄgÄland,"Yakshu, Nagaland"
5336,6,26.3897,94.9439,2013-08-16 00:00:00,landslide,rain,medium,0,0,NÄgÄland,"Tobu, Nagaland"
5338,2,26.8727,94.9275,2013-08-16 00:00:00,landslide,rain,medium,0,0,Assam,"Longlem, Nagaland"
5427,3,25.3833,94.1884,2013-08-15 00:00:00,landslide,downpour,medium,0,0,NÄgÄland,"Koide Government High School, Senapati, Manipur"
5312,2,26.7103,94.693,2013-08-11 23:00:00,landslide,downpour,very_large,0,0,Assam,Kangtsung Village
5300,3,25.318,94.0441,2013-08-09 00:00:00,landslide,downpour,large,0,0,NÄgÄland,"Senapati, Manipur"
5272,6,26.2083,94.5438,2013-08-04 00:00:00,landslide,monsoon,medium,0,0,NÄgÄland,"Longsa, Nagaland"
5270,6,26.0481,94.4619,2013-08-04 00:00:00,landslide,continuous_rain,medium,0,0,NÄgÄland,"Phizo, Nagaland"
5275,6,26.1498,94.6055,2013-08-04 00:00:00,landslide,monsoon,medium,0,0,NÄgÄland,"Suruhuto Town, Nagaland"
5274,6,26.0838,94.564,2013-08-04 00:00:00,landslide,rain,medium,0,0,NÄgÄland,"Suruhuto Town, Nagaland"
5273,6,26.1807,94.5497,2013-08-04 00:00:00,landslide,monsoon,medium,0,0,NÄgÄland,"Zhekuto, Nagaland"
5269,6,25.8376,94.5234,2013-08-04 00:00:00,landslide,continuous_rain,medium,0,0,NÄgÄland,"Tizu, Nagaland"
5271,6,26.284,94.5808,2013-08-04 00:00:00,landslide,continuous_rain,medium,0,0,NÄgÄland,"Nanga, Nagaland"
5268,6,26.0137,94.5163,2013-08-04 00:00:00,landslide,continuous_rain,medium,0,0,NÄgÄland,"Zunheboto, Nagaland"
5250,1,27.8837,93.0515,2013-08-01 00:00:00,mudslide,rain,medium,0,0,Arunachal Pradesh,"Polo River At Polosang, Arunachal Pradesh"
5122,6,25.7658,93.9413,2013-07-17 00:00:00,mudslide,rain,medium,0,0,NÄgÄland,"National Highway 29 Between Patkai Bridge And Kukidolong, Nagaland"
5123,3,25.7131,94.0885,2013-07-17 00:00:00,mudslide,rain,medium,0,0,NÄgÄland,"National Highway 2 Near Meriema Village, 10 Km Away From Kohima"
5107,6,25.6269,94.1139,2013-07-15 00:00:00,landslide,rain,medium,0,0,NÄgÄland,"National Highway 29 Near Phesama Village, Nagaland"
5084,6,25.616,94.1167,2013-07-12 23:00:00,landslide,downpour,medium,0,0,NÄgÄland,"National Highway 2 Near Phesama Village Close To Kisama Naha Heritage Site, Kohima District, Nagaland"
5087,6,25.6269,94.1139,2013-07-12 00:00:00,landslide,downpour,medium,0,0,NÄgÄland,"National Highway 29 Near Phesama Village, Nagaland"
5006,6,26.1147,94.3864,2013-07-01 00:00:00,landslide,downpour,medium,0,0,NÄgÄland,"Thillong Village, Doyang Along State Highway 1, Wokha To Merapani Road"
5005,6,26.72,95.029,2013-07-01 00:00:00,landslide,downpour,medium,0,0,NÄgÄland,"Walo Ward, Mon Town, Wokha District, Nagaland"
4990,7,27.3765,88.7628,2013-06-27 23:00:00,landslide,downpour,medium,0,0,Sikkim,"Near Changu Lake, 15Km Away From Nathu La, On India-China Border In Eastern Sikkim"
4908,7,27.3721,88.708,2013-06-08 17:00:00,landslide,downpour,medium,0,0,Sikkim,"15 Km From Gangtok, Himalayans"
4905,6,26.0977,94.7031,2013-06-07 00:00:00,landslide,unknown,medium,0,0,NÄgÄland,"Kuthur â Huker Road Via Y Anner, Chessore, Nagaland"
4906,6,26.0977,94.7499,2013-06-07 00:00:00,landslide,unknown,medium,0,0,NÄgÄland,"Helipong-Chessore Road, Nagaland"
4892,1,27.8776,94.25,2013-06-01 00:00:00,landslide,downpour,large,0,0,ArunÄchal Pradesh,Upper Subansiri
4861,2,24.9926,93.4946,2013-05-12 00:00:00,mudslide,rain,medium,0,0,Assam,"Khongsang, Tamenglong, Manipur,"
4858,2,26.1662,91.7138,2013-05-11 09:00:00,landslide,rain,medium,0,0,Assam,"Nursery, North Guwahati, Guwahati, Assam,"
4857,5,23.7281,92.7175,2013-05-11 09:00:00,landslide,rain,large,15,0,Mizoram,"Laipuitland , Aizawl, Mizoram"
4859,2,26.1771,91.7599,2013-05-11 00:00:00,landslide,rain,medium,0,1,Assam,"Sarania Hills, North Guwahati, Guwahati, Assam,"
4860,2,26.1016,91.6906,2013-05-11 00:00:00,landslide,rain,medium,0,0,Assam,"Boragaon, North Guwahati, Guwahati, Assam,"
4848,8,24.0896,91.4663,2013-05-08 00:00:00,landslide,rain,medium,1,0,Tripura,"Purba Simna, Tripura"
4845,5,24.2315,92.6755,2013-05-07 00:00:00,mudslide,rain,medium,0,0,Mizoram,"Kolasib, Saiha, Mizoram,"
4798,1,28.8254,96.1509,2013-04-07 00:00:00,landslide,rain,medium,0,0,Arunachal Pradesh,"Dibang Valley, Arunachal Pradesh"
4757,1,28.1193,95.1645,2013-02-18 00:00:00,landslide,rain,medium,3,2,ArunÄchal Pradesh,"East Siang, Arunachal Pradesh"
4610,5,23.7705,92.5217,2012-11-11 00:00:00,landslide,downpour,medium,4,0,Mizoram,"Dapchhuah, Mamit, Mizoram"
4569,7,27.8385,88.556,2012-09-19 00:00:00,landslide,downpour,large,20,0,,"North Skkimm Hwy between, Chungthang and Mangan, North Skimm (9 landslides)"
4570,1,27.8458,95.2253,2012-09-19 00:00:00,landslide,downpour,medium,0,0,ArunÄchal Pradesh,Â Arunachal PradeshÂ 
4571,7,27.6558,88.605,2012-09-19 00:00:00,landslide,downpour,large,0,0,,"Â Chungthang and Pegong. Houses, between Rangma and Chungthang "
4556,7,27.1675,88.3651,2012-09-16 00:00:00,landslide,downpour,medium,0,0,Sikkim,"Namchi to Phongla, Namchi to Melli ,Namchi to Sumbuk"
4552,7,27.0377,88.3603,2012-09-14 00:00:00,landslide,downpour,medium,0,0,Sikkim,"Takdah, West Bengal"
6783,2,26.8546,88.3373,2012-07-19 00:00:00,landslide,monsoon,medium,0,0,West Bengal,Tindharia railway maintenance shed
4446,1,28.9986,94.8885,2012-07-05 00:00:00,landslide,downpour,large,0,0,Arunachal Pradesh,"Tuting, Upper Siang , Arunachal Pradesh"
4434,2,26.1049,91.7369,2012-06-25 18:00:00,landslide,downpour,large,1,0,Assam,"Sonaighuli area near Kahilipara, Guwahati City, Assam"
4435,1,27.174,95.8011,2012-06-25 00:00:00,landslide,downpour,large,0,0,ArunÄchal Pradesh,"Tirap , Arunachal Pradesh"
4436,1,26.9986,95.4993,2012-06-25 00:00:00,landslide,downpour,medium,0,0,ArunÄchal Pradesh,"Khonsa, Arunachal Pradesh"
4426,2,26.1226,91.7162,2012-06-22 00:00:00,landslide,downpour,medium,3,0,Assam,Lalunggaon near Gorchuk area
4424,2,26.149,91.7351,2012-06-20 00:00:00,landslide,downpour,medium,0,0,Assam,"Lalunggaon, Guwahati,  Assam"
4411,7,27.339,88.6065,2012-06-14 04:00:00,landslide,downpour,medium,0,0,Sikkim,"Tathangchen, Gangtok, Sikkim "
4408,4,25.5498,92.0757,2012-06-13 00:00:00,landslide,downpour,medium,0,0,MeghÄlaya,"NH44, Kuliang"
4407,2,25.0951,92.3567,2012-06-13 00:00:00,landslide,downpour,medium,0,0,Assam,"NH44, Malidhor area,  Baleswar"
4403,3,24.8142,93.5444,2012-06-10 00:00:00,landslide,downpour,very_large,0,0,Manipur,"Imphal-Jiribam section of NH-37 , Manipur"
4394,7,27.1748,88.6458,2012-06-07 04:30:00,landslide,rain,large,7,0,Sikkim,"Rolep, South Sikkim( Mapping to Rhenock 12 miles from Rolep)"
4393,7,27.7565,88.632,2012-06-07 00:00:00,landslide,downpour,large,7,0,,"Nathang Maong, Sikkim"
4385,7,27.7167,88.5577,2012-06-03 00:00:00,landslide,downpour,medium,0,0,,"lachen, Sikkim"
4382,2,25.1175,92.8573,2012-06-03 00:00:00,landslide,downpour,medium,0,0,Assam,"Â between Harangajao and Mailongdisa, Assa,"
4383,2,25.3056,93.1265,2012-06-03 00:00:00,landslide,downpour,medium,0,0,Assam,"between Maibang and Daotohaja, Assam"
4384,2,25.1775,93.0123,2012-06-03 00:00:00,landslide,downpour,medium,0,0,Assam,"between Haflong and  Bagetar, Assam"
4377,2,26.1475,91.7356,2012-06-02 00:00:00,landslide,downpour,large,0,0,Assam,"Guwahati, Assam"
4378,1,28.8254,96.1517,2012-06-02 00:00:00,landslide,downpour,medium,0,0,Arunachal Pradesh,"Arunachal Pradesh, Dibang,"
4313,1,28.4659,95.86,2012-04-08 00:00:00,landslide,downpour,medium,0,0,ArunÄchal Pradesh,"Endulin Nallah, Mayodia, 17-camp, 83-camp"
4241,3,25.1604,93.6795,2012-03-04 00:00:00,landslide,unknown,medium,0,0,Manipur,Tamei constituency in Tamenlong district
3997,7,27.5161,88.5575,2011-09-30 00:00:00,landslide,unknown,medium,0,0,,
6782,2,26.8545,88.3372,2011-09-28 00:00:00,landslide,rain,medium,0,0,West Bengal,NH55 at Tindharia
3986,7,27.0605,88.255,2011-09-25 00:00:00,landslide,downpour,medium,0,0,Bengal,"Singamari, Darhelling, West Bengal"
3983,2,26.1548,91.7351,2011-09-23 00:00:00,landslide,downpour,large,4,0,Assam,"Maighuli, Guwahati, Meghalaya"
3965,2,24.808,93.117,2011-09-06 08:00:00,landslide,rain,medium,3,0,Assam,NH 37 at Awang KhulÂ 
3944,7,27.7344,88.633,2011-08-25 00:00:00,landslide,downpour,medium,2,0,,"Hee-Khola, Sikkim"
3943,7,27.13862165,88.22551799,2011-08-23 00:00:00,landslide,downpour,medium,5,0,,"Samathang, Sikkim"
3932,3,25.83,94.13,2011-08-18 00:00:00,landslide,monsoon,medium,0,0,NÄgÄland, Botsa  and Chiechama
3927,4,25.5144,90.2167,2011-08-16 08:00:00,landslide,downpour,medium,6,0,MeghÄlaya,"Garo Hills, Tura"
3925,1,27.4888,93.0153,2011-08-15 00:00:00,landslide,downpour,medium,0,0,ArunÄchal Pradesh,"East Kameng, Arunachal Pradesh"
3916,2,25.7713,93.8067,2011-08-13 08:00:00,mudslide,downpour,medium,0,0,Assam,"Chumukedima, Dimapur"
3912,1,27.44,92.2833,2011-08-12 00:00:00,landslide,rain,medium,0,0,ArunÄchal Pradesh,East Kameng district in Arunachal Pradesh bordering China
3881,1,27.1034,93.6885,2011-08-05 00:00:00,landslide,downpour,medium,0,0,ArunÄchal Pradesh,Itanagar
3860,3,25.4192,94.108,2011-07-29 00:00:00,landslide,rain,medium,0,0,NÄgÄland,"Maram, Manipur"
3840,3,24.6869,93.9157,2011-07-25 00:00:00,landslide,downpour,medium,0,0,Manipur,Manipur
3837,2,26.5836,93.0038,2011-07-24 12:30:00,landslide,downpour,medium,0,0,Assam,NH 37
3830,3,24.3527,94.3429,2011-07-22 00:00:00,landslide,downpour,small,0,0,Manipur,Manipur
3831,3,24.7992,93.948,2011-07-22 00:00:00,landslide,downpour,medium,0,0,Manipur,Heibok Hills
3813,7,27.1141,88.4658,2011-07-20 00:00:00,landslide,rain,small,0,0,Bengal,National Highway 31A in West Bengal's Darjeeling district
3806,1,27.1032,93.6884,2011-07-19 00:00:00,landslide,downpour,medium,3,0,ArunÄchal Pradesh,"Itanagar (one near Pachali power house, one near Heema Hospital, and one nearRomik Colony at P Sector)"
3805,7,27.05374234,88.42572376,2011-07-19 00:00:00,landslide,rain,medium,0,0,Sikkim,200 meters from Teesta Bridge towards Siliguri
3794,7,26.99195749,88.42280921,2011-07-17 00:00:00,landslide,rain,medium,0,0,Sikkim,West Bengal-Sikkim at highway Rambi
3789,1,27.2743,92.9064,2011-07-16 00:00:00,landslide,downpour,medium,0,0,ArunÄchal Pradesh,Mebua (8 km from Seppa)
3776,1,27.125,93.7145,2011-07-15 18:00:00,landslide,downpour,small,0,0,ArunÄchal Pradesh,Itanagar/Naharlagur/Nirjuli
3760,3,25.6703,94.1095,2011-07-11 09:00:00,landslide,downpour,medium,0,0,NÄgÄland,"NH-61, 1 km before reaching Botsa"
3741,3,25.4191,94.1079,2011-07-07 00:00:00,landslide,rain,medium,0,0,NÄgÄland,Maram (80 km north of Imphal)
3738,3,24.8063,93.9482,2011-07-06 00:00:00,landslide,downpour,medium,6,0,Manipur,"National Highway 53, Sinam Khul (near Kotlen; ~25 km from Imphal)"
3683,3,25.8782,94.1739,2011-07-01 00:00:00,landslide,downpour,medium,0,0,NÄgÄland,NH-61 between Botsa and Chiechama
3672,2,25.5125,93.3613,2011-06-29 00:00:00,landslide,downpour,medium,0,0,Assam,"Portions of NH 39, Connectin Manipur with Assam via Nagaland"
3663,6,25.6682,94.1099,2011-06-28 00:00:00,landslide,downpour,medium,0,0,NÄgÄland,"Ruzapfu valley, Kikruma Village, Phek District, Nagaland"
3662,3,25.03561729,94.0144205,2011-06-28 00:00:00,landslide,rain,medium,0,0,Manipur,"Ikou-Gangpijang road, near: Ikou, Saikul, and Gangpijang; Imphal India"
3643,7,27.2879,88.2579,2011-06-23 23:30:00,landslide,downpour,large,16,0,,Villages surrounding the West Sikkim district of 
3637,3,25.51614662,94.2341227,2011-06-21 00:00:00,landslide,rain,medium,0,0,NÄgÄland,"Lasumi village in Phek district, Kohima"
3632,7,27.0638,88.4659,2011-06-20 20:30:00,landslide,rain,medium,0,0,Bengal,"Birik on NH31A, Kalimpong"
3633,6,26.3186,94.5121,2011-06-20 00:00:00,landslide,downpour,medium,0,0,NÄgÄland,Mokokchung
3617,2,26.84850975,88.26181745,2011-06-17 23:00:00,landslide,continuous_rain,medium,0,0,Bengal,Pankhabari and Rohini routes in Kurseong
3619,7,27.4885,88.4451,2011-06-17 19:30:00,mudslide,rain,medium,0,0,,"National HWY 31A, Birik (cut off Sikkim)"
3621,2,26.88,88.28,2011-06-17 00:00:00,mudslide,downpour,large,4,0,Bengal,"St Mary's Hill, 3 km from Kurseong, West Bengal"
3560,3,24.8286,93.5935,2011-05-31 14:30:00,landslide,downpour,medium,2,0,Manipur,"Gaoilung(Gadailong) village(?), Ward 4(?), Tamenglong, Manipur"
3556,3,25.1555,93.8474,2011-05-31 14:00:00,landslide,continuous_rain,small,0,0,Manipur,"Roads between Tamei(Tamma?), Kangpokpi and Chalwa, Manipur"
3532,2,25.0888,92.8551,2011-05-24 00:00:00,complex,downpour,medium,0,0,Assam,"Silchar-Haflong rd., at Reko(Rekha )(?), near Harangajao, Barail Hills, Assam"
3525,2,25.0672,93.4093,2011-05-22 00:00:00,landslide,downpour,medium,0,0,Assam,"Kaiphundai(?)-Tousem(in Assam) road, Tamenglong district, Manipur"
3269,1,28.0791,96.5242,2011-03-22 00:00:00,landslide,downpour,medium,0,0,ArunÄchal Pradesh,"road from other districts to Hawai(Tawai?) which is  on Lojit river, near Hayuliang,  Anjaw district, Arunachal Pradesh"
2743,1,27.5798729,91.85672387,2010-11-22 00:00:00,landslide,unknown,medium,0,0,ArunÄchal Pradesh,"Tawang Monastery, Arunachal Pradesh"
2587,3,25.6623,94.1072,2010-10-10 06:00:00,landslide,downpour,medium,0,0,NÄgÄland,"Lower Chandmari area, PWD department, Kohima, Manipur"
2573,2,25.1796,93.0083,2010-10-09 00:00:00,mudslide,downpour,medium,1,0,Assam,"Haflong, Assam"
2576,3,25.4788,94.1399,2010-10-09 00:00:00,landslide,downpour,medium,0,0,NÄgÄland,"NH-39 at Tobio village(?), 7 km form Tadubi, Manipur"
2578,3,25.3179,94.0462,2010-10-09 00:00:00,landslide,downpour,medium,0,0,NÄgÄland,"NH-39 in Karong area, Manipur"
2575,2,25.5242,92.9914,2010-10-09 00:00:00,landslide,downpour,medium,0,0,Assam,"road between Haflong and Lanka, Assam"
2577,3,25.5265,93.8673,2010-10-09 00:00:00,landslide,downpour,medium,0,0,NÄgÄland,"NH-39 near Khongnem(?) village, between Imphal and Dimapur, Manipur"
2574,2,25.4749,93.1477,2010-10-09 00:00:00,landslide,downpour,medium,0,0,Assam,"between Mahur and Maigrandisa(?) or Lumding, Assam"
2579,3,25.682,94.1076,2010-10-09 00:00:00,landslide,downpour,medium,0,0,NÄgÄland,"Lower Pezielietsie(Tinpati), Kohima, Manipur"
2568,2,24.7679,93.4108,2010-10-08 00:00:00,landslide,downpour,medium,0,0,Assam,"Nungba, Tamenglong, Manipur"
2567,3,25.6633,94.4703,2010-10-08 00:00:00,complex,downpour,medium,0,0,Manipur,"Phek, Manipur"
2569,3,25.2745,94.0212,2010-10-08 00:00:00,landslide,downpour,medium,0,0,NÄgÄland,"Bungte Chiru village(?), Senapati district, Manipur"
2566,3,25.4769,94.1351,2010-10-08 00:00:00,mudslide,downpour,medium,0,0,NÄgÄland,"Sahong, Tabu and Pani village under Tadubi police station of Senapati district, NH-39"
2570,3,24.837,93.9128,2010-10-08 00:00:00,landslide,downpour,medium,0,0,Manipur,"Tharon(?) and Langol Tarung villages, Thangmeiband constituency, Imphal, Manipur"
2539,1,28.3092,95.4149,2010-10-03 00:00:00,landslide,downpour,medium,10,0,ArunÄchal Pradesh,"Mosing village, Upper Siang district, Arunachal Pradesh"
2436,3,24.3069,93.125,2010-09-16 03:00:00,landslide,downpour,medium,0,0,Mizoram,"Taithu village, Churanchandpur district, Mizoram, Manipur"
2437,3,23.7527,92.694,2010-09-16 00:00:00,landslide,downpour,medium,0,0,Mizoram,"Aizawl-Lengpui rd 3km from Aizawl, Mizoram, Manipur"
2421,5,23.75406693,92.74128531,2010-09-13 09:00:00,landslide,downpour,medium,0,0,Mizoram,"road to Muanna Godown, Zuangtui, Mizoram"
2422,5,23.74182634,92.7141905,2010-09-13 00:00:00,landslide,downpour,medium,0,0,Mizoram,"Hunthar Veng, Mizoram"
2423,5,23.73504471,92.71060943,2010-09-13 00:00:00,landslide,downpour,medium,0,0,Mizoram,"road to Kanan Veng from Hunthar Veng, Mizoram"
2426,5,22.7176,92.8416,2010-09-13 00:00:00,landslide,downpour,medium,0,0,Mizoram,"Hual(Hu) village(?), Lunglei-Lawngtlai rd, Mizoram"
2425,5,23.3439,93.0748,2010-09-13 00:00:00,landslide,downpour,medium,0,0,Mizoram,"near Tuichang(?) on Tuichang river, Aizawl-Champhai rd, Mizoram"
2424,5,23.591,92.9296,2010-09-13 00:00:00,landslide,downpour,medium,0,0,Mizoram,"near Tuivawl(?), Aizawl-Champhai rd, Aizawl district, Mizoram"
2420,5,23.72988966,92.71495623,2010-09-13 00:00:00,landslide,downpour,medium,1,0,Mizoram,"Tuikual 'C', Aizawl, Mizoram"
2415,3,25.63961883,94.11112157,2010-09-12 00:00:00,landslide,downpour,medium,0,0,NÄgÄland,power lines 5 km from Kohima
2411,2,27.0011,93.7273,2010-09-10 00:00:00,landslide,downpour,medium,0,0,ArunÄchal Pradesh,"districts Lakhimpur, Dhemaji, Golaghat, and Sonitpur, Assam province"
2405,1,28.3036,95.4112,2010-09-09 23:00:00,landslide,downpour,medium,10,0,ArunÄchal Pradesh,"Mossing(Mosing) village(?), Upper Siang district, Arunachal Pradesh"
2392,7,27.3702,88.7334,2010-09-04 00:00:00,landslide,downpour,medium,0,0,Sikkim,"17th mile(?), Jawaharlal Nehru Marg hwy, between Gangtok and Nathu La, Sikkim"
2345,7,27.3392,88.6188,2010-08-27 18:00:00,landslide,downpour,medium,0,0,Sikkim,"Daragaon(?), Gangtok city, Sikkim"
2344,2,24.7505,93.4221,2010-08-27 16:30:00,landslide,downpour,medium,0,0,Assam,"NH-53 at Nungba police station, Kambirong(?), Manipur"
2343,3,25.4786,94.1327,2010-08-27 16:30:00,landslide,downpour,medium,0,0,NÄgÄland,"NH-39 at Ekai village(?), 2 km for Tadubi, Manipur"
2341,7,27.2319,88.497,2010-08-26 23:00:00,landslide,downpour,medium,0,0,,"NH-31A at Topakhani tunnel(?) and fruit preservation factory(?) and Chisopani bridge(?), near Singtam and Gangtok and Rangpo, Sikkim"
2304,6,25.5718,94.1211,2010-08-21 18:00:00,landslide,downpour,medium,0,0,NÄgÄland,"NH 39 at Kigwema(?), between Mao Gate and Kohima, Nagaland"
2296,7,27.167,88.3652,2010-08-20 00:00:00,complex,downpour,medium,0,0,Sikkim,"many locations around Namchi, Sikkim"
2281,6,25.61560252,94.11603493,2010-08-19 18:00:00,landslide,downpour,medium,0,0,NÄgÄland,"Kisima, Nagaland"
2282,6,26.1984,94.8158,2010-08-19 06:30:00,landslide,downpour,medium,0,0,NÄgÄland,"Tuensang-Kohima rd, 3 km outside Tuensang, Nagaland"
2283,3,24.8961,93.4957,2010-08-19 00:00:00,mudslide,downpour,medium,0,0,Manipur,"2 km from Khongsang village(?), road between Tamenglong and Imphal or Nungba, Manipur"
2279,7,26.9722,88.4481,2010-08-19 00:00:00,landslide,downpour,medium,0,0,Bengal,"NH 31A at Likhuvir(?), near Teesta Bazar, 42nd Km marker(?), Kalimpong, West Bengal cutting off Sikkim and Kalimpong"
2261,7,26.9435,88.4445,2010-08-17 08:00:00,landslide,downpour,medium,0,0,Bengal,"Hatisur(?), Sevok(Sevoke), Kalimpong sub-division, NH 31A between Siliguri and Gangtok, Sikkim"
2263,6,26.2753,94.6654,2010-08-17 00:00:00,landslide,downpour,medium,0,0,NÄgÄland,"Dikhu bridge(?), Mokokchung-Tuensang road, Nagaland"
2253,3,25.31006064,94.48265093,2010-08-15 23:00:00,landslide,downpour,medium,0,0,Manipur,"Chingai-Kuingai(Quingai) route (16 kms), Chingai subdivision, Ukhrul district, Manipur"
2248,6,26.222,94.9152,2010-08-14 00:00:00,landslide,downpour,medium,0,0,NÄgÄland,"Noklak-Tuensang road, Nagaland"
2247,6,26.148,94.8422,2010-08-14 00:00:00,landslide,downpour,medium,0,0,NÄgÄland,"Tuensang-Shamatore(Sampurre) rd, Nagaland"
2249,6,26.0814,94.803,2010-08-14 00:00:00,landslide,downpour,medium,0,0,NÄgÄland,"Kiphire-Tuensang rd, Nagaland"
2243,6,25.70223725,94.04619681,2010-08-13 00:00:00,landslide,downpour,medium,0,0,NÄgÄland,"NH-39 near Kohima Municipality Council(KMC) dumping ground, between Zubza(Sechu) and Kohima, Nagaland"
2205,5,23.7365,92.7146,2010-08-06 00:00:00,landslide,downpour,medium,0,0,Mizoram,"Dawrpui Vengthar cemetary, Aizwal, Mizoram"
2214,7,27.0375,88.2627,2010-08-06 00:00:00,landslide,downpour,medium,0,0,Bengal,
2201,7,27.0366,88.263,2010-08-05 00:00:00,landslide,downpour,medium,0,0,Bengal,"Darjeeling district, West Bengal, Toy Train route"
2182,3,24.9356,93.8443,2010-07-31 09:00:00,landslide,rain,medium,0,0,Manipur,Dimapur-Imphal highway (NH 39) near Manipur
2164,3,25.3098633,94.48214677,2010-07-29 23:00:00,landslide,downpour,medium,0,0,Manipur,"Chingai-Kuingai(Quingai) route (16 kms), Chingai subdivision, Ukhrul district, Manipur"
2166,2,24.9786,93.5027,2010-07-29 00:00:00,landslide,downpour,medium,0,0,Assam,"Highway 53 at Tupul, Tamenglong district"
2163,3,25.4196,94.1054,2010-07-29 00:00:00,landslide,downpour,medium,0,0,NÄgÄland,"Maram area in Senapati district, National Highway 39"
2140,2,25.0477,92.801,2010-07-25 00:00:00,landslide,downpour,medium,0,0,Assam,"road between Halfong and Redzol(?) or Silchar, Assam"
2112,7,27.5509,88.6475,2010-07-21 08:00:00,landslide,downpour,medium,0,0,,"Zang(?), east Sikkim"
2113,7,27.3773,88.559,2010-07-21 08:00:00,landslide,downpour,medium,0,0,Sikkim,"Singtam-Mangan rd, Sikkim"
2106,6,26.8716,94.9921,2010-07-20 00:00:00,landslide,downpour,medium,0,0,NÄgÄland,"road to Oting near Longlam village, 13 km from Tizit subdivision, Mon district, Nagaland"
2098,6,26.7215,95.0283,2010-07-19 06:00:00,landslide,downpour,medium,0,0,NÄgÄland,"Jahjon ward(?), Mon town, Nagaland"
2044,6,25.8877,94.7861,2010-07-06 00:00:00,mudslide,monsoon,medium,0,0,NÄgÄland,"Kiphire,  Nagaland"
2042,6,26.0093,94.5238,2010-07-06 00:00:00,mudslide,monsoon,medium,0,0,NÄgÄland,"Zunheboto, Nagaland"
2045,6,26.2363,94.8133,2010-07-06 00:00:00,mudslide,monsoon,medium,0,0,NÄgÄland,"Tuensang, Nagaland"
2043,6,26.7225,95.0281,2010-07-06 00:00:00,mudslide,monsoon,medium,0,0,NÄgÄland,"Mon, Nagaland"
2034,2,26.8712,88.3052,2010-07-04 00:00:00,landslide,rain,medium,0,0,Bengal,"Toy Train rails between Siliguri and Darjeeling, West Bengal"
2026,4,25.4916,91.2698,2010-06-28 00:00:00,landslide,downpour,medium,0,0,MeghÄlaya,"Borsorsa(?), West Khasi Hills, Meghalaya"
2025,4,25.5728,91.885,2010-06-28 00:00:00,landslide,downpour,medium,1,0,MeghÄlaya,"Police CID complex(?), Shillong, Meghalaya"
1996,6,26.4333,94.8833,2010-06-17 19:30:00,landslide,downpour,medium,0,0,NÄgÄland,"Shayoung Ward(?), Longleng, Nagaland"
1995,7,27.0765,88.4808,2010-06-16 00:00:00,landslide,rain,medium,3,0,Bengal,Tripi (Tirpai?) road of Upper Gumfa area in Kalimpong
1993,2,26.8073,88.3162,2010-06-16 00:00:00,landslide,downpour,medium,0,0,Bengal,"Kurseong sub-division, Road between Kurseong and New Jalpaiguri"
1994,2,25.0633,92.8025,2010-06-16 00:00:00,landslide,downpour,medium,0,0,Assam,"rails between Jatinga and Longrangjao(?), Assam"
1986,6,26.3335,94.5512,2010-06-15 00:00:00,landslide,downpour,medium,0,0,NÄgÄland,"Fazl Ali College, Mokokchung, Nagaland"
1987,2,25.2269,93.1658,2010-06-15 00:00:00,landslide,downpour,medium,0,0,Assam,"rails between Mahur and Wadringdisa(?), Assam"
1963,7,26.944,88.4441,2010-06-11 00:00:00,landslide,downpour,medium,0,0,Bengal,"near Sevok(Sevoke), Highway 31A to Sikkimand Kalimpong, Hatisura(?), Darjeeling"
1961,2,25.8833,91.2,2010-06-09 14:15:00,landslide,downpour,medium,0,0,MeghÄlaya,"Ishok Chingphu(?), Bishnupur, Assam"
1954,3,24.7543,93.5039,2010-06-07 00:00:00,landslide,rain,medium,0,0,Manipur,"Irang(?) and Barak(?) and Makru(?) on highway 53 between Imphal and Jiribam, Manipur"
1934,2,24.6005,92.3814,2010-06-03 05:00:00,landslide,downpour,medium,2,0,Assam,Rongpur village under Bhairabhnagar panchayat in Karimganj district
1935,8,23.8986,91.7599,2010-06-03 00:00:00,landslide,downpour,medium,0,0,Tripura,"atharamura hills, Highway 44, Tripura"
1929,7,27.3543,88.6428,2010-05-31 23:00:00,landslide,downpour,medium,0,0,Sikkim,"North Sikkiim Highway, periphery of Gangtok, Sikkim East district"
1930,1,28.4298,95.8776,2010-05-31 00:00:00,landslide,downpour,medium,0,0,ArunÄchal Pradesh,"Anini-Roing road,  Dibang Valley,  Arunachal Pradesh "
1857,4,25.3433,92.2897,2010-05-11 09:00:00,landslide,downpour,medium,0,0,MeghÄlaya,"National highway 44 at Sunapur and Tongseng in Jaintia Hills district, eastern Meghalaya"
1775,1,27.8965,96.1779,2010-04-21 00:00:00,landslide,downpour,medium,12,0,ArunÄchal Pradesh,Arunachal Pradesh 
1776,4,25.3612,92.2845,2010-04-21 00:00:00,landslide,downpour,medium,0,0,MeghÄlaya,Shillong-Jowai(Jwai)-Badarpur National Highway(NH 44) at Sunapur village in Jaintia Hills District
1771,2,26.1978,91.7665,2010-04-20 00:00:00,landslide,downpour,medium,0,0,Assam,"Raj Bhavan Guwahati, Assam"
1770,2,26.1965,91.763,2010-04-20 00:00:00,landslide,downpour,medium,0,0,Assam,"Kharghuli, Guwahati, Assam"
1755,7,27.3341,88.6083,2010-04-17 15:00:00,landslide,downpour,small,0,0,Sikkim,"Natl. Highway 31-A at Pani House(?), Gangtok"
1756,7,27.322,88.6087,2010-04-17 00:00:00,landslide,downpour,small,0,0,Sikkim,"Nam Nang, Gangtok"
1613,1,27.8997,93.3497,2010-04-02 23:00:00,mudslide,downpour,large,12,0,ArunÄchal Pradesh,"Koloriang, Kuring Kumey district, Arunachal Pradesh"
1611,2,25.1553,93.028,2010-04-01 00:00:00,landslide,downpour,medium,3,0,Assam,"Paglanala village, Dholai Block, near Dwarbandh locality of the district, Cachar district (could only find district) 45 km from Silchar, Assam"
1596,3,24.7339,93.9161,2010-03-27 20:00:00,mudslide,downpour,medium,0,0,Manipur,"LangthAbal Khoupum, Imphal, Manipur"
1222,5,23.73478778,92.72124394,2009-10-05 00:00:00,landslide,downpour,medium,3,0,Mizoram,"Chhinga Veng, Aizawl"
1170,2,26.8342,88.2798,2009-09-18 00:00:00,landslide,rain,medium,0,0,Bengal,Tindharia and Rong Tong
1168,7,27.1954,88.6115,2009-09-17 00:00:00,landslide,rain,medium,0,0,Sikkim,"4th Mile on road between Rongli, Rhenock and Rangpo in East Sikkim."
1129,3,24.8628,94.4182,2009-08-30 00:00:00,landslide,downpour,medium,0,0,Manipur,"Road stretch from Gammom to Chamu village, under Kamjong block, Ukhrul district, Manipur"
1127,2,25.1718,93.123,2009-08-27 00:00:00,landslide,downpour,medium,0,0,Assam,between Mahur and Phaiding railway stations on Barail hills (Mahur and Barail hills located)
1125,7,27.3746,88.7648,2009-08-26 00:00:00,landslide,rain,medium,0,0,Sikkim,"17th Mile towards Tsomgo Lake, near Kyongsala, Sikkim "
1110,2,26.88405686,88.28087032,2009-08-20 20:30:00,landslide,continuous_rain,medium,0,0,Bengal,"Kurseong, Darjeeling, West Bengal"
1109,2,25.5215,93.1645,2009-08-20 00:00:00,landslide,downpour,medium,0,0,Assam,Lumding-Badarpur section in North Cachar Hills district
1108,2,24.9925,93.5,2009-08-20 00:00:00,landslide,downpour,medium,0,0,Assam,"Tamei, Tamenglong district on Imphal-Tamenglong (IT) road"
1107,7,27.0736,88.4779,2009-08-20 00:00:00,landslide,continuous_rain,medium,1,0,Bengal,"Geetkolbong, Kalimpong sub-division, Darjeeling, West Bengal"
1106,2,26.8992,88.1667,2009-08-20 00:00:00,landslide,continuous_rain,medium,2,0,Bengal,"(Okai Tea Garden) Mirik, Darjeeling, West Bengal"
1112,7,27.1761,88.5287,2009-08-20 00:00:00,mudslide,downpour,medium,0,0,Sikkim,"NH31A, Mile 27 near Rambi"
1111,7,27.1344,88.4575,2009-08-20 00:00:00,landslide,downpour,medium,0,0,Bengal,"Melli Chalisey, Sikkim"
1102,7,27.2644,88.1365,2009-08-19 20:30:00,landslide,downpour,medium,2,0,,"Sombaria, West Sikkim"
1094,7,27.15977181,88.63411246,2009-08-16 21:30:00,landslide,downpour,medium,1,0,Bengal,"Katare village, 80 km from Kalimpong"
1092,2,26.74452462,88.40011959,2009-08-16 09:00:00,landslide,downpour,medium,1,0,Bengal,near the Rohini-Sirubari road
1091,7,27.02459801,88.43849551,2009-08-16 09:00:00,landslide,downpour,medium,2,0,Bengal,"Kalimpong, Darjeeling, West Bengal"
1088,2,26.8867642,88.28044714,2009-08-16 02:00:00,landslide,downpour,medium,5,0,Bengal,"Kerseong, Sub-division, Siliguri district, West Bengal"
1089,2,26.7914,88.363,2009-08-16 01:30:00,landslide,downpour,medium,4,0,Bengal,"Gourishankar tea estate premises, Darjeeling, West Bengal"
1093,2,26.88211522,88.3195318,2009-08-16 00:00:00,landslide,downpour,medium,1,0,Bengal,"Phagutar near Mahanadi, 12km from Kurseong, Siliguri district, Darjeeling"
1090,2,26.9599,88.268,2009-08-16 00:00:00,landslide,downpour,medium,2,0,Bengal,"Malutar tea estate, Darjeeling, West Bengal"
1084,1,27.7,92.8,2009-08-12 00:00:00,landslide,downpour,medium,0,0,ArunÄchal Pradesh,"Upper Subansiri District, Arunanchal Pradesh"
1055,2,26.8826,88.2788,2009-07-22 00:00:00,landslide,downpour,medium,0,0,Bengal,"Kerseong, West Bengal "
1054,2,26.8572,88.3143,2009-07-22 00:00:00,landslide,downpour,medium,0,0,Bengal,"Gayabari,  West Bengal "
1056,7,27.04,88.264,2009-07-22 00:00:00,landslide,downpour,medium,0,0,Bengal,"Darjeeling, West Bengal "
1050,2,26.87324244,88.29184021,2009-07-03 00:00:00,landslide,rain,medium,0,0,Bengal,Darjeeling (between Tin Dharia and Rongtong)
1061,7,27.478,88.527,2009-07-01 05:40:00,landslide,downpour,medium,0,0,,"4th Mile, Lower Mangshila in North Sikkim"
1037,2,26.89,88.47,2009-06-17 04:00:00,mudslide,downpour,medium,0,0,Bengal,"Sevoke, 20km from Siliguri, North Eastern, India (Highway NH31A:Coronation Bridge to the Sevoke police outpost section blocked)"
1030,7,27.04357147,88.26522126,2009-05-26 00:00:00,landslide,tropical_cyclone,medium,14,0,Bengal,"Darjeeling Sadar, Darjeeling West Bengal"
1032,7,27.0095,88.2592,2009-05-26 00:00:00,landslide,tropical_cyclone,medium,6,0,Bengal,"Rangiabong (Jorbungalow), Darjeeling, West Bengal"
1031,2,26.8836,88.2791,2009-05-26 00:00:00,landslide,tropical_cyclone,medium,7,0,Bengal,"Kurseong, Darjeeling, West Bengal"
870,1,27.4,92.35,2008-10-29 00:00:00,mudslide,downpour,medium,12,0,ArunÄchal Pradesh,"West Kameng, Arunachal Pradesh"
869,2,27.2333,94.1167,2008-10-29 00:00:00,landslide,downpour,medium,0,0,Assam,North Lakhimpur 
868,2,26.3333,91.25,2008-10-29 00:00:00,landslide,downpour,medium,7,0,Assam,"Kamrup, and Sonitpur, Assam"
760,6,25.67,94.1066,2008-08-29 00:00:00,complex,downpour,medium,0,0,NÄgÄland,"Kohima, Nagaland"
755,7,27.337,88.609,2008-08-28 00:00:00,landslide,downpour,medium,0,0,Sikkim,"Ranka, Sikkim and Louing road"
731,6,26.138,94.25,2008-08-19 00:00:00,mudslide,downpour,medium,4,0,NÄgÄland,"Akuk village, Wokha District, Nagaland"
714,1,27.163,94.0,2008-08-14 00:00:00,landslide,rain,medium,0,0,Assam,"Kimin-Ziro road in Papum Pare district, road between Doimukh and Sagalee, Doimukh-Hoj road; Arunachal Pradesh"
692,6,25.705,94.04,2008-08-07 00:00:00,landslide,downpour,medium,0,0,NÄgÄland,"National Highway-39, Dimapur-Imphal road and another under Kiphire district of Nagaland"
620,7,27.0771,88.482,2008-06-30 00:00:00,landslide,downpour,medium,0,0,Bengal,Kalimpong
614,2,26.89,88.28,2008-06-29 00:00:00,landslide,unknown,medium,0,0,Bengal,"Kurseong sub division, Mamring"
595,2,26.885,88.2778,2008-06-20 00:00:00,landslide,rain,medium,0,0,Bengal,Kurseong sub division
594,3,24.9336,93.8275,2008-06-19 00:00:00,mudslide,monsoon,medium,0,0,Manipur,"Namkaoluang village, Tamenglong-Sangrung (Khongsang) road, NH-53, Manipur"
587,2,27.2298,94.0989,2008-06-15 00:00:00,landslide,downpour,medium,17,0,Assam,"Lakhimpur district, Bihpuria, Assam"
585,1,27.0998,93.6287,2008-06-14 00:00:00,landslide,rain,large,21,0,ArunÄchal Pradesh,"Itanagar-Naharlagun, Arunachal Pradesh"
580,3,24.6596,93.9784,2008-06-09 00:00:00,landslide,monsoon,medium,0,0,Manipur,"near Kuloor church, in Manipur along National Highway"
545,2,24.9849,92.8411,2008-05-20 00:00:00,mudslide,mining,medium,5,0,Assam,"A Cachar District village, near village of Srinager, Assam"
322,2,24.75,93.4333,2007-10-21 00:00:00,landslide,rain,medium,0,0,Assam,National Highway 53 at Nungba in Tamenglong district of Manipur
319,3,25.4379,94.1162,2007-10-19 00:00:00,landslide,rain,medium,0,0,NÄgÄland,"Maram-Purul Road, Karong Assembly Constituency of Senapati district, Manipur"
313,6,25.7055,94.0132,2007-10-16 00:00:00,landslide,rain,large,0,0,NÄgÄland,"NH-39 at Piphema,  6 km towards Dimapur from Kohima in Nagaland"
285,5,24.1293,92.6921,2007-09-29 00:00:00,landslide,rain,medium,0,0,Mizoram,"National Highway, 45 Aizwal (Mizoram)"
274,7,27.0875,88.4572,2007-09-20 00:00:00,landslide,rain,medium,0,0,Bengal,"Multiple places along 31A, Tarkhola area in Kalimpong district and Sevoke in WB"
269,7,27.2872,88.2816,2007-09-18 00:00:00,landslide,rain,medium,0,0,Sikkim,Geyzing-Jorethang road and Naya Bazar-Legship road
264,2,26.1833,91.8,2007-09-13 00:00:00,landslide,rain,medium,0,0,Assam,Guwahati
260,7,27.2084,88.4909,2007-09-11 00:00:00,debris_flow,rain,medium,0,0,,"National Highway 31A, between Singtam and Rangpo"
259,2,25.52,91.27,2007-09-11 00:00:00,landslide,rain,medium,0,0,MeghÄlaya,"Assam-Agartala National Highway, Sonarpur in Jayantiya hills of Meghalaya"
258,3,24.4279,94.0564,2007-09-11 00:00:00,landslide,rain,medium,3,0,Manipur,"NH-39 at Imphal-Moreh section, Lokchao largest event"
255,3,24.2451,94.0691,2007-09-10 00:00:00,landslide,rain,medium,0,0,Manipur,Wamkhu village along the Tengnoupal-Joupi road in Chandel district
256,7,27.3425,88.6236,2007-09-10 00:00:00,landslide,rain,medium,0,0,Sikkim,Rhodong village near Rhey in East Sikkim
252,3,25.4993,94.1192,2007-09-09 00:00:00,landslide,rain,medium,0,0,NÄgÄland,"Mao in Manipur, Phipema and Chunikhudima in Nagaland"
251,7,27.1667,88.35,2007-09-09 00:00:00,landslide,rain,medium,1,0,Sikkim,Hingdam village in South Sikkim
247,3,25.0604,93.9877,2007-09-08 00:00:00,landslide,rain,medium,0,0,Manipur,"Lower Shajouba village near Tadubi along NH 39, Manipur "
241,7,27.201,88.4883,2007-09-07 00:00:00,landslide,rain,large,0,0,,"National Highway 31A between Rangpo and Tarkhola, in East Sikkim"
242,2,26.8833,88.2833,2007-09-07 00:00:00,landslide,rain,medium,0,0,Bengal,"Darjeeling Hills, multiple villages in area (Kurseong, Kalimpong, Bhalukopa, Kukhleinkhani)"
231,7,27.06826195,88.28121204,2007-09-05 00:00:00,landslide,rain,medium,15,0,Bengal,Darjeeling Hills (Lebong - 10 km from Darjeeling
221,8,22.6461,88.3403,2007-08-31 00:00:00,landslide,rain,medium,0,0,Bengal,between Bally Halt and Rajchandrapur stations in Kolkata
220,3,25.1333,93.9667,2007-08-31 00:00:00,landslide,rain,medium,0,0,Manipur,"Velnal village, Tamei sub-division and Toribari village (3 kilometer toward Tamei from Kangpokpi)"
218,7,27.0096,88.2548,2007-08-29 00:00:00,landslide,rain,medium,0,0,Bengal,"Ghayabari-Tindharia on National Highway 55, near Darjeeling hills"
215,3,25.7428,93.9136,2007-08-28 00:00:00,landslide,rain,medium,1,0,NÄgÄland,Phesema area at National Highway 39
211,3,24.9667,93.55,2007-08-26 00:00:00,mudslide,continuous_rain,medium,1,0,Manipur,Tamenglong
213,2,25.2946,92.8339,2007-08-26 00:00:00,landslide,rain,medium,0,0,Assam,Shillong Road at Kuliang in the Jaintia Hills
212,4,25.5576,91.8506,2007-08-26 00:00:00,complex,rain,medium,0,0,MeghÄlaya,National Highway No 44 at Sonarpur in Meghalaya
210,7,27.0713,88.4308,2007-08-25 00:00:00,landslide,rain,medium,0,0,Bengal,"Hattisurey in Kalimpong, on National Highway 31A"
151,2,26.8905,88.2789,2007-08-02 00:00:00,mudslide,rain,medium,3,0,Bengal,Kurseong
148,5,22.479,92.967,2007-07-30 00:00:00,landslide,downpour,medium,0,0,Mizoram,Saiha
147,5,22.533,92.899,2007-07-30 00:00:00,landslide,downpour,medium,0,0,Mizoram,Lawngtlai
142,4,25.5212,90.232,2007-07-27 00:00:00,rock_fall,rain,large,8,0,MeghÄlaya,Tura
141,4,25.38,91.88,2007-07-26 00:00:00,landslide,rain,medium,0,0,MeghÄlaya,Singtam
133,8,23.9304,88.2374,2007-07-21 00:00:00,landslide,rain,medium,1,0,Bengal,Beldanga
130,2,26.1699,91.7986,2007-07-19 00:00:00,landslide,rain,medium,6,0,Assam,Guwahati
126,7,27.1499,88.38,2007-07-16 00:00:00,mudslide,rain,medium,0,0,Sikkim,Bardang near Singtam
94,2,26.8096,88.526,2007-06-15 00:00:00,landslide,rain,medium,0,0,Bengal,National Highway 31A at Sevoke
93,2,26.7324,88.4089,2007-06-13 00:00:00,landslide,rain,small,0,0,Bengal,"Indira Bypass, Amdo Golai"
78,7,27.3383,88.6069,2007-05-23 00:00:00,landslide,rain,medium,0,0,Sikkim,"Pangthang, on road b/t Gangtok and North Sikkim"
57,7,27.4459,88.6193,2007-04-11 00:00:00,landslide,downpour,medium,0,0,,"Sikkim, 13 km north of Gangtok"
